event_id,well_id,event_type,start_depth,end_depth,formation,severity,cause,impact,mitigation,lesson_learned,npt_hours,source_document,source_page,confidence,is_demo_data
EVT-0001,WELL-001,CEMENTING_ISSUE,1193.8,1215.7,Girujan Clay,HIGH,Channeling of cement slurry due to poor mud cake removal and incomplete hole cleaning across washed out section.,CBL-VDL log indicated poor bond quality across target production reservoir interval.,Perforated squeeze holes at 3380 m and executed block squeeze cementing with microfine cement at 2800 psi.,Run centralizers at 1 per joint across hydrocarbon zones and utilize high-energy weighted spacer with chemical wash.,36.7,Dikom-104A_DDR_Final_Report.pdf,1,0.91,True
EVT-0002,WELL-001,STUCK_PIPE,3752.3,3775.0,Barail Coal-Shale,CRITICAL,Differential sticking while stationary for survey across permeable Barail Sand with 450 psi overbalance.,Drillstring unable to reciprocate or rotate; overpull reached 65 tons with zero pipe movement.,Spotted 40 bbl lubricating oil-based pipe-freeing pill across stuck interval; applied maximum torque (24 kNm) and jarred downward with hydraulic jar for 4.5 hours.,Never keep drillstring stationary for > 3 minutes across Barail formation. Maintain pipe rotation and use low-gravity solids control.,41.6,Dikom-104A_DDR_Final_Report.pdf,36,0.88,True
EVT-0003,WELL-001,MUD_LOSS,2961.0,2999.4,Bokabil Formation,HIGH,Encountered depleted sandstone reservoir streak with low pore pressure relative to active mud column.,Sudden drop in active pit volume by 45 bbls; standpipe pressure dropped by 180 psi.,"Reduced mud pump rate to 1800 LPM, pumped 35 bbl high-fluid-loss LCM pill (medium calcium carbonate + walnut shells), reduced mud weight from 1.32 to 1.26 SG.",Pre-treat active system with fine CaCO3 before penetrating upper Barail Sand boundary. Monitor flow paddle response diligently.,21.3,Dikom-104A_DDR_Final_Report.pdf,10,0.92,True
EVT-0004,WELL-002,KICK,3440.1,3463.4,Barail Sandstone,CRITICAL,Drilled into unexpected high-pressure gas pocket in lower Bokabil / upper Barail transition zone.,"Pit gain of 18 bbls observed with active gas influx; shut-in drillpipe pressure (SIDPP) stabilized at 320 psi, SICP at 410 psi.","Shut in well using annular preventer, verified shut-in pressures, circulated gas influx out via choke manifold using Wait and Weight method with 1.36 SG kill mud.",Perform flow check on any ROP drilling break > 4 m/hr. Ensure degasser and trip tank level sensors are calibrated.,24.5,Nahorkatiya-18_DDR_Final_Report.pdf,16,0.95,True
EVT-0005,WELL-002,KICK,3442.4,3454.4,Barail Sandstone,CRITICAL,Drilled into unexpected high-pressure gas pocket in lower Bokabil / upper Barail transition zone.,"Pit gain of 18 bbls observed with active gas influx; shut-in drillpipe pressure (SIDPP) stabilized at 320 psi, SICP at 410 psi.","Shut in well using annular preventer, verified shut-in pressures, circulated gas influx out via choke manifold using Wait and Weight method with 1.36 SG kill mud.",Perform flow check on any ROP drilling break > 4 m/hr. Ensure degasser and trip tank level sensors are calibrated.,23.8,Nahorkatiya-18_DDR_Final_Report.pdf,12,0.97,True
EVT-0006,WELL-002,MUD_LOSS,3442.6,3464.2,Barail Sandstone,HIGH,Encountered depleted sandstone reservoir streak with low pore pressure relative to active mud column.,Sudden drop in active pit volume by 45 bbls; standpipe pressure dropped by 180 psi.,"Reduced mud pump rate to 1800 LPM, pumped 35 bbl high-fluid-loss LCM pill (medium calcium carbonate + walnut shells), reduced mud weight from 1.32 to 1.26 SG.",Pre-treat active system with fine CaCO3 before penetrating upper Barail Sand boundary. Monitor flow paddle response diligently.,24.4,Nahorkatiya-18_DDR_Final_Report.pdf,16,0.91,True
EVT-0007,WELL-002,CEMENTING_ISSUE,2256.9,2263.4,Tipam Sandstone,HIGH,Channeling of cement slurry due to poor mud cake removal and incomplete hole cleaning across washed out section.,CBL-VDL log indicated poor bond quality across target production reservoir interval.,Perforated squeeze holes at 3380 m and executed block squeeze cementing with microfine cement at 2800 psi.,Run centralizers at 1 per joint across hydrocarbon zones and utilize high-energy weighted spacer with chemical wash.,41.1,Nahorkatiya-18_DDR_Final_Report.pdf,13,0.96,True
EVT-0008,WELL-003,KICK,3417.8,3437.0,Barail Sandstone,CRITICAL,Drilled into unexpected high-pressure gas pocket in lower Bokabil / upper Barail transition zone.,"Pit gain of 18 bbls observed with active gas influx; shut-in drillpipe pressure (SIDPP) stabilized at 320 psi, SICP at 410 psi.","Shut in well using annular preventer, verified shut-in pressures, circulated gas influx out via choke manifold using Wait and Weight method with 1.36 SG kill mud.",Perform flow check on any ROP drilling break > 4 m/hr. Ensure degasser and trip tank level sensors are calibrated.,27.5,Nahorkatiya-67_DDR_Final_Report.pdf,18,0.97,True
EVT-0009,WELL-003,CEMENTING_ISSUE,3790.2,3815.6,Barail Coal-Shale,HIGH,Channeling of cement slurry due to poor mud cake removal and incomplete hole cleaning across washed out section.,CBL-VDL log indicated poor bond quality across target production reservoir interval.,Perforated squeeze holes at 3380 m and executed block squeeze cementing with microfine cement at 2800 psi.,Run centralizers at 1 per joint across hydrocarbon zones and utilize high-energy weighted spacer with chemical wash.,45.9,Nahorkatiya-67_DDR_Final_Report.pdf,35,0.91,True
EVT-0010,WELL-003,MUD_LOSS,3430.3,3455.0,Barail Sandstone,HIGH,Encountered depleted sandstone reservoir streak with low pore pressure relative to active mud column.,Sudden drop in active pit volume by 45 bbls; standpipe pressure dropped by 180 psi.,"Reduced mud pump rate to 1800 LPM, pumped 35 bbl high-fluid-loss LCM pill (medium calcium carbonate + walnut shells), reduced mud weight from 1.32 to 1.26 SG.",Pre-treat active system with fine CaCO3 before penetrating upper Barail Sand boundary. Monitor flow paddle response diligently.,15.2,Nahorkatiya-67_DDR_Final_Report.pdf,39,0.92,True
EVT-0011,WELL-003,LOST_CIRCULATION,4122.7,4167.1,Kopili Formation,CRITICAL,Penetrated open micro-fractures in Sylhet Limestone formation.,100% loss of drilling fluid returns; pit level dropped rapidly.,Pumped heavy bridging LCM blend followed by gunk plug (diesel-bentonite-cement); cured loss zone and resumed blind drilling with water cap.,Prepare pre-mixed LCM tanks and fibrous loss materials prior to penetrating top of Sylhet Limestone.,41.7,Nahorkatiya-67_DDR_Final_Report.pdf,37,0.9,True
EVT-0012,WELL-003,MUD_LOSS,3428.8,3449.0,Barail Sandstone,HIGH,Encountered depleted sandstone reservoir streak with low pore pressure relative to active mud column.,Sudden drop in active pit volume by 45 bbls; standpipe pressure dropped by 180 psi.,"Reduced mud pump rate to 1800 LPM, pumped 35 bbl high-fluid-loss LCM pill (medium calcium carbonate + walnut shells), reduced mud weight from 1.32 to 1.26 SG.",Pre-treat active system with fine CaCO3 before penetrating upper Barail Sand boundary. Monitor flow paddle response diligently.,23.0,Nahorkatiya-67_DDR_Final_Report.pdf,43,0.9,True
EVT-0013,WELL-003,TORQUE_SPIKE,2681.7,2723.5,Tipam Sandstone,MEDIUM,High dogleg severity and sloughing shale cavings creating keyseating and friction in 8.5 inch section.,Erratic rotary torque surging from 14 kNm to 28 kNm; top drive stalled twice.,"Picked up off bottom, increased flow rate to maximum hole cleaning threshold (2400 LPM), pumped 20 bbl high-viscosity sweep, performed short wiper trip.",Maintain hole inclination change below 2.5 deg/30m in Girujan and Barail Shale sections.,9.4,Nahorkatiya-67_DDR_Final_Report.pdf,43,0.96,True
EVT-0014,WELL-003,LOST_CIRCULATION,3821.4,3853.1,Barail Coal-Shale,CRITICAL,Penetrated open micro-fractures in Sylhet Limestone formation.,100% loss of drilling fluid returns; pit level dropped rapidly.,Pumped heavy bridging LCM blend followed by gunk plug (diesel-bentonite-cement); cured loss zone and resumed blind drilling with water cap.,Prepare pre-mixed LCM tanks and fibrous loss materials prior to penetrating top of Sylhet Limestone.,47.8,Nahorkatiya-67_DDR_Final_Report.pdf,45,0.91,True
EVT-0015,WELL-004,STUCK_PIPE,4569.5,4589.7,Sylhet Limestone,CRITICAL,Differential sticking while stationary for survey across permeable Barail Sand with 450 psi overbalance.,Drillstring unable to reciprocate or rotate; overpull reached 65 tons with zero pipe movement.,Spotted 40 bbl lubricating oil-based pipe-freeing pill across stuck interval; applied maximum torque (24 kNm) and jarred downward with hydraulic jar for 4.5 hours.,Never keep drillstring stationary for > 3 minutes across Barail formation. Maintain pipe rotation and use low-gravity solids control.,42.5,Moran-120_DDR_Final_Report.pdf,12,0.94,True
EVT-0016,WELL-004,KICK,4534.4,4539.4,Sylhet Limestone,CRITICAL,Drilled into unexpected high-pressure gas pocket in lower Bokabil / upper Barail transition zone.,"Pit gain of 18 bbls observed with active gas influx; shut-in drillpipe pressure (SIDPP) stabilized at 320 psi, SICP at 410 psi.","Shut in well using annular preventer, verified shut-in pressures, circulated gas influx out via choke manifold using Wait and Weight method with 1.36 SG kill mud.",Perform flow check on any ROP drilling break > 4 m/hr. Ensure degasser and trip tank level sensors are calibrated.,25.8,Moran-120_DDR_Final_Report.pdf,28,0.96,True
EVT-0017,WELL-004,PACK_OFF,4132.7,4155.4,Kopili Formation,HIGH,Severe shale sloughing and inadequate cutting transport leading to annular bridge around BHA stabilizers.,Sudden pressure spike of 900 psi on standpipe; total loss of returns due to annular bridging.,"Immediately stopped pumps, worked drillstring with light tension, slowly re-established circulation at low rate (800 LPM) while rotating at 40 RPM.",Increase polymer encapsulation concentration and optimize flow rheology (YP > 22 lb/100ft2) before drilling Barail Coal-Shale.,13.0,Moran-120_DDR_Final_Report.pdf,31,0.96,True
EVT-0018,WELL-004,CEMENTING_ISSUE,3000.6,3017.0,Bokabil Formation,HIGH,Channeling of cement slurry due to poor mud cake removal and incomplete hole cleaning across washed out section.,CBL-VDL log indicated poor bond quality across target production reservoir interval.,Perforated squeeze holes at 3380 m and executed block squeeze cementing with microfine cement at 2800 psi.,Run centralizers at 1 per joint across hydrocarbon zones and utilize high-energy weighted spacer with chemical wash.,45.5,Moran-120_DDR_Final_Report.pdf,40,0.91,True
EVT-0019,WELL-004,CEMENTING_ISSUE,3506.4,3520.4,Barail Sandstone,HIGH,Channeling of cement slurry due to poor mud cake removal and incomplete hole cleaning across washed out section.,CBL-VDL log indicated poor bond quality across target production reservoir interval.,Perforated squeeze holes at 3380 m and executed block squeeze cementing with microfine cement at 2800 psi.,Run centralizers at 1 per joint across hydrocarbon zones and utilize high-energy weighted spacer with chemical wash.,34.9,Moran-120_DDR_Final_Report.pdf,2,0.88,True
EVT-0020,WELL-005,PACK_OFF,2311.6,2352.0,Tipam Sandstone,HIGH,Severe shale sloughing and inadequate cutting transport leading to annular bridge around BHA stabilizers.,Sudden pressure spike of 900 psi on standpipe; total loss of returns due to annular bridging.,"Immediately stopped pumps, worked drillstring with light tension, slowly re-established circulation at low rate (800 LPM) while rotating at 40 RPM.",Increase polymer encapsulation concentration and optimize flow rheology (YP > 22 lb/100ft2) before drilling Barail Coal-Shale.,16.0,Jorajan-23_DDR_Final_Report.pdf,45,0.92,True
EVT-0021,WELL-005,TORQUE_SPIKE,3243.8,3276.3,Barail Sandstone,MEDIUM,High dogleg severity and sloughing shale cavings creating keyseating and friction in 8.5 inch section.,Erratic rotary torque surging from 14 kNm to 28 kNm; top drive stalled twice.,"Picked up off bottom, increased flow rate to maximum hole cleaning threshold (2400 LPM), pumped 20 bbl high-viscosity sweep, performed short wiper trip.",Maintain hole inclination change below 2.5 deg/30m in Girujan and Barail Shale sections.,10.7,Jorajan-23_DDR_Final_Report.pdf,7,0.96,True
EVT-0022,WELL-005,STUCK_PIPE,3426.3,3443.8,Barail Sandstone,CRITICAL,Differential sticking while stationary for survey across permeable Barail Sand with 450 psi overbalance.,Drillstring unable to reciprocate or rotate; overpull reached 65 tons with zero pipe movement.,Spotted 40 bbl lubricating oil-based pipe-freeing pill across stuck interval; applied maximum torque (24 kNm) and jarred downward with hydraulic jar for 4.5 hours.,Never keep drillstring stationary for > 3 minutes across Barail formation. Maintain pipe rotation and use low-gravity solids control.,45.9,Jorajan-23_DDR_Final_Report.pdf,8,0.93,True
EVT-0023,WELL-005,CEMENTING_ISSUE,5020.4,5064.9,Disang Formation,HIGH,Channeling of cement slurry due to poor mud cake removal and incomplete hole cleaning across washed out section.,CBL-VDL log indicated poor bond quality across target production reservoir interval.,Perforated squeeze holes at 3380 m and executed block squeeze cementing with microfine cement at 2800 psi.,Run centralizers at 1 per joint across hydrocarbon zones and utilize high-energy weighted spacer with chemical wash.,44.0,Jorajan-23_DDR_Final_Report.pdf,29,0.94,True
EVT-0024,WELL-005,LOST_CIRCULATION,4619.2,4646.1,Sylhet Limestone,CRITICAL,Penetrated open micro-fractures in Sylhet Limestone formation.,100% loss of drilling fluid returns; pit level dropped rapidly.,Pumped heavy bridging LCM blend followed by gunk plug (diesel-bentonite-cement); cured loss zone and resumed blind drilling with water cap.,Prepare pre-mixed LCM tanks and fibrous loss materials prior to penetrating top of Sylhet Limestone.,64.2,Jorajan-23_DDR_Final_Report.pdf,31,0.93,True
EVT-0025,WELL-005,CEMENTING_ISSUE,3589.9,3606.0,Barail Sandstone,HIGH,Channeling of cement slurry due to poor mud cake removal and incomplete hole cleaning across washed out section.,CBL-VDL log indicated poor bond quality across target production reservoir interval.,Perforated squeeze holes at 3380 m and executed block squeeze cementing with microfine cement at 2800 psi.,Run centralizers at 1 per joint across hydrocarbon zones and utilize high-energy weighted spacer with chemical wash.,48.1,Jorajan-23_DDR_Final_Report.pdf,32,0.94,True
EVT-0026,WELL-005,KICK,3419.5,3432.9,Barail Sandstone,CRITICAL,Drilled into unexpected high-pressure gas pocket in lower Bokabil / upper Barail transition zone.,"Pit gain of 18 bbls observed with active gas influx; shut-in drillpipe pressure (SIDPP) stabilized at 320 psi, SICP at 410 psi.","Shut in well using annular preventer, verified shut-in pressures, circulated gas influx out via choke manifold using Wait and Weight method with 1.36 SG kill mud.",Perform flow check on any ROP drilling break > 4 m/hr. Ensure degasser and trip tank level sensors are calibrated.,29.8,Jorajan-23_DDR_Final_Report.pdf,9,0.9,True
EVT-0027,WELL-006,LOST_CIRCULATION,3017.2,3024.8,Bokabil Formation,CRITICAL,Penetrated open micro-fractures in Sylhet Limestone formation.,100% loss of drilling fluid returns; pit level dropped rapidly.,Pumped heavy bridging LCM blend followed by gunk plug (diesel-bentonite-cement); cured loss zone and resumed blind drilling with water cap.,Prepare pre-mixed LCM tanks and fibrous loss materials prior to penetrating top of Sylhet Limestone.,50.1,Nahorkatiya-23_DDR_Final_Report.pdf,35,0.93,True
EVT-0028,WELL-006,MUD_LOSS,3586.4,3607.0,Barail Sandstone,HIGH,Encountered depleted sandstone reservoir streak with low pore pressure relative to active mud column.,Sudden drop in active pit volume by 45 bbls; standpipe pressure dropped by 180 psi.,"Reduced mud pump rate to 1800 LPM, pumped 35 bbl high-fluid-loss LCM pill (medium calcium carbonate + walnut shells), reduced mud weight from 1.32 to 1.26 SG.",Pre-treat active system with fine CaCO3 before penetrating upper Barail Sand boundary. Monitor flow paddle response diligently.,23.3,Nahorkatiya-23_DDR_Final_Report.pdf,45,0.88,True
EVT-0029,WELL-006,CEMENTING_ISSUE,4513.1,4555.8,Sylhet Limestone,HIGH,Channeling of cement slurry due to poor mud cake removal and incomplete hole cleaning across washed out section.,CBL-VDL log indicated poor bond quality across target production reservoir interval.,Perforated squeeze holes at 3380 m and executed block squeeze cementing with microfine cement at 2800 psi.,Run centralizers at 1 per joint across hydrocarbon zones and utilize high-energy weighted spacer with chemical wash.,37.2,Nahorkatiya-23_DDR_Final_Report.pdf,25,0.97,True
EVT-0030,WELL-006,CEMENTING_ISSUE,4531.5,4565.9,Sylhet Limestone,HIGH,Channeling of cement slurry due to poor mud cake removal and incomplete hole cleaning across washed out section.,CBL-VDL log indicated poor bond quality across target production reservoir interval.,Perforated squeeze holes at 3380 m and executed block squeeze cementing with microfine cement at 2800 psi.,Run centralizers at 1 per joint across hydrocarbon zones and utilize high-energy weighted spacer with chemical wash.,48.6,Nahorkatiya-23_DDR_Final_Report.pdf,15,0.93,True
EVT-0031,WELL-006,KICK,4515.7,4536.3,Sylhet Limestone,CRITICAL,Drilled into unexpected high-pressure gas pocket in lower Bokabil / upper Barail transition zone.,"Pit gain of 18 bbls observed with active gas influx; shut-in drillpipe pressure (SIDPP) stabilized at 320 psi, SICP at 410 psi.","Shut in well using annular preventer, verified shut-in pressures, circulated gas influx out via choke manifold using Wait and Weight method with 1.36 SG kill mud.",Perform flow check on any ROP drilling break > 4 m/hr. Ensure degasser and trip tank level sensors are calibrated.,31.8,Nahorkatiya-23_DDR_Final_Report.pdf,26,0.95,True
EVT-0032,WELL-006,CEMENTING_ISSUE,5133.8,5178.0,Disang Formation,HIGH,Channeling of cement slurry due to poor mud cake removal and incomplete hole cleaning across washed out section.,CBL-VDL log indicated poor bond quality across target production reservoir interval.,Perforated squeeze holes at 3380 m and executed block squeeze cementing with microfine cement at 2800 psi.,Run centralizers at 1 per joint across hydrocarbon zones and utilize high-energy weighted spacer with chemical wash.,42.6,Nahorkatiya-23_DDR_Final_Report.pdf,26,0.94,True
EVT-0033,WELL-006,LOST_CIRCULATION,1187.2,1209.3,Girujan Clay,CRITICAL,Penetrated open micro-fractures in Sylhet Limestone formation.,100% loss of drilling fluid returns; pit level dropped rapidly.,Pumped heavy bridging LCM blend followed by gunk plug (diesel-bentonite-cement); cured loss zone and resumed blind drilling with water cap.,Prepare pre-mixed LCM tanks and fibrous loss materials prior to penetrating top of Sylhet Limestone.,63.4,Nahorkatiya-23_DDR_Final_Report.pdf,12,0.89,True
EVT-0034,WELL-007,KICK,3397.3,3415.8,Barail Sandstone,CRITICAL,Drilled into unexpected high-pressure gas pocket in lower Bokabil / upper Barail transition zone.,"Pit gain of 18 bbls observed with active gas influx; shut-in drillpipe pressure (SIDPP) stabilized at 320 psi, SICP at 410 psi.","Shut in well using annular preventer, verified shut-in pressures, circulated gas influx out via choke manifold using Wait and Weight method with 1.36 SG kill mud.",Perform flow check on any ROP drilling break > 4 m/hr. Ensure degasser and trip tank level sensors are calibrated.,35.2,Tengakhat-53_DDR_Final_Report.pdf,18,0.96,True
EVT-0035,WELL-007,CEMENTING_ISSUE,4445.7,4454.0,Sylhet Limestone,HIGH,Channeling of cement slurry due to poor mud cake removal and incomplete hole cleaning across washed out section.,CBL-VDL log indicated poor bond quality across target production reservoir interval.,Perforated squeeze holes at 3380 m and executed block squeeze cementing with microfine cement at 2800 psi.,Run centralizers at 1 per joint across hydrocarbon zones and utilize high-energy weighted spacer with chemical wash.,30.8,Tengakhat-53_DDR_Final_Report.pdf,35,0.89,True
EVT-0036,WELL-007,KICK,3495.1,3531.3,Barail Sandstone,CRITICAL,Drilled into unexpected high-pressure gas pocket in lower Bokabil / upper Barail transition zone.,"Pit gain of 18 bbls observed with active gas influx; shut-in drillpipe pressure (SIDPP) stabilized at 320 psi, SICP at 410 psi.","Shut in well using annular preventer, verified shut-in pressures, circulated gas influx out via choke manifold using Wait and Weight method with 1.36 SG kill mud.",Perform flow check on any ROP drilling break > 4 m/hr. Ensure degasser and trip tank level sensors are calibrated.,31.6,Tengakhat-53_DDR_Final_Report.pdf,2,0.97,True
EVT-0037,WELL-007,STUCK_PIPE,1617.1,1631.6,Girujan Clay,CRITICAL,Differential sticking while stationary for survey across permeable Barail Sand with 450 psi overbalance.,Drillstring unable to reciprocate or rotate; overpull reached 65 tons with zero pipe movement.,Spotted 40 bbl lubricating oil-based pipe-freeing pill across stuck interval; applied maximum torque (24 kNm) and jarred downward with hydraulic jar for 4.5 hours.,Never keep drillstring stationary for > 3 minutes across Barail formation. Maintain pipe rotation and use low-gravity solids control.,36.9,Tengakhat-53_DDR_Final_Report.pdf,8,0.94,True
EVT-0038,WELL-007,STUCK_PIPE,5034.8,5070.5,Disang Formation,CRITICAL,Differential sticking while stationary for survey across permeable Barail Sand with 450 psi overbalance.,Drillstring unable to reciprocate or rotate; overpull reached 65 tons with zero pipe movement.,Spotted 40 bbl lubricating oil-based pipe-freeing pill across stuck interval; applied maximum torque (24 kNm) and jarred downward with hydraulic jar for 4.5 hours.,Never keep drillstring stationary for > 3 minutes across Barail formation. Maintain pipe rotation and use low-gravity solids control.,30.6,Tengakhat-53_DDR_Final_Report.pdf,39,0.98,True
EVT-0039,WELL-007,LOST_CIRCULATION,2553.3,2564.9,Tipam Sandstone,CRITICAL,Penetrated open micro-fractures in Sylhet Limestone formation.,100% loss of drilling fluid returns; pit level dropped rapidly.,Pumped heavy bridging LCM blend followed by gunk plug (diesel-bentonite-cement); cured loss zone and resumed blind drilling with water cap.,Prepare pre-mixed LCM tanks and fibrous loss materials prior to penetrating top of Sylhet Limestone.,47.4,Tengakhat-53_DDR_Final_Report.pdf,38,0.88,True
EVT-0040,WELL-007,KICK,4489.0,4522.6,Sylhet Limestone,CRITICAL,Drilled into unexpected high-pressure gas pocket in lower Bokabil / upper Barail transition zone.,"Pit gain of 18 bbls observed with active gas influx; shut-in drillpipe pressure (SIDPP) stabilized at 320 psi, SICP at 410 psi.","Shut in well using annular preventer, verified shut-in pressures, circulated gas influx out via choke manifold using Wait and Weight method with 1.36 SG kill mud.",Perform flow check on any ROP drilling break > 4 m/hr. Ensure degasser and trip tank level sensors are calibrated.,22.4,Tengakhat-53_DDR_Final_Report.pdf,45,0.96,True
EVT-0041,WELL-008,MUD_LOSS,3414.2,3438.9,Barail Sandstone,HIGH,Encountered depleted sandstone reservoir streak with low pore pressure relative to active mud column.,Sudden drop in active pit volume by 45 bbls; standpipe pressure dropped by 180 psi.,"Reduced mud pump rate to 1800 LPM, pumped 35 bbl high-fluid-loss LCM pill (medium calcium carbonate + walnut shells), reduced mud weight from 1.32 to 1.26 SG.",Pre-treat active system with fine CaCO3 before penetrating upper Barail Sand boundary. Monitor flow paddle response diligently.,23.5,Kumchai-81_DDR_Final_Report.pdf,23,0.93,True
EVT-0042,WELL-008,LOST_CIRCULATION,3994.1,4025.0,Kopili Formation,CRITICAL,Penetrated open micro-fractures in Sylhet Limestone formation.,100% loss of drilling fluid returns; pit level dropped rapidly.,Pumped heavy bridging LCM blend followed by gunk plug (diesel-bentonite-cement); cured loss zone and resumed blind drilling with water cap.,Prepare pre-mixed LCM tanks and fibrous loss materials prior to penetrating top of Sylhet Limestone.,38.8,Kumchai-81_DDR_Final_Report.pdf,27,0.96,True
EVT-0043,WELL-008,MUD_LOSS,3439.0,3459.0,Barail Sandstone,HIGH,Encountered depleted sandstone reservoir streak with low pore pressure relative to active mud column.,Sudden drop in active pit volume by 45 bbls; standpipe pressure dropped by 180 psi.,"Reduced mud pump rate to 1800 LPM, pumped 35 bbl high-fluid-loss LCM pill (medium calcium carbonate + walnut shells), reduced mud weight from 1.32 to 1.26 SG.",Pre-treat active system with fine CaCO3 before penetrating upper Barail Sand boundary. Monitor flow paddle response diligently.,19.6,Kumchai-81_DDR_Final_Report.pdf,34,0.98,True
EVT-0044,WELL-008,KICK,3430.7,3444.2,Barail Sandstone,CRITICAL,Drilled into unexpected high-pressure gas pocket in lower Bokabil / upper Barail transition zone.,"Pit gain of 18 bbls observed with active gas influx; shut-in drillpipe pressure (SIDPP) stabilized at 320 psi, SICP at 410 psi.","Shut in well using annular preventer, verified shut-in pressures, circulated gas influx out via choke manifold using Wait and Weight method with 1.36 SG kill mud.",Perform flow check on any ROP drilling break > 4 m/hr. Ensure degasser and trip tank level sensors are calibrated.,25.1,Kumchai-81_DDR_Final_Report.pdf,6,0.91,True
EVT-0045,WELL-008,TORQUE_SPIKE,3545.2,3573.0,Barail Sandstone,MEDIUM,High dogleg severity and sloughing shale cavings creating keyseating and friction in 8.5 inch section.,Erratic rotary torque surging from 14 kNm to 28 kNm; top drive stalled twice.,"Picked up off bottom, increased flow rate to maximum hole cleaning threshold (2400 LPM), pumped 20 bbl high-viscosity sweep, performed short wiper trip.",Maintain hole inclination change below 2.5 deg/30m in Girujan and Barail Shale sections.,9.6,Kumchai-81_DDR_Final_Report.pdf,22,0.88,True
EVT-0046,WELL-009,STUCK_PIPE,4815.5,4852.4,Disang Formation,CRITICAL,Differential sticking while stationary for survey across permeable Barail Sand with 450 psi overbalance.,Drillstring unable to reciprocate or rotate; overpull reached 65 tons with zero pipe movement.,Spotted 40 bbl lubricating oil-based pipe-freeing pill across stuck interval; applied maximum torque (24 kNm) and jarred downward with hydraulic jar for 4.5 hours.,Never keep drillstring stationary for > 3 minutes across Barail formation. Maintain pipe rotation and use low-gravity solids control.,34.1,Kumchai-80_DDR_Final_Report.pdf,39,0.95,True
EVT-0047,WELL-009,KICK,1533.3,1545.9,Girujan Clay,CRITICAL,Drilled into unexpected high-pressure gas pocket in lower Bokabil / upper Barail transition zone.,"Pit gain of 18 bbls observed with active gas influx; shut-in drillpipe pressure (SIDPP) stabilized at 320 psi, SICP at 410 psi.","Shut in well using annular preventer, verified shut-in pressures, circulated gas influx out via choke manifold using Wait and Weight method with 1.36 SG kill mud.",Perform flow check on any ROP drilling break > 4 m/hr. Ensure degasser and trip tank level sensors are calibrated.,25.0,Kumchai-80_DDR_Final_Report.pdf,27,0.93,True
EVT-0048,WELL-009,CEMENTING_ISSUE,3515.3,3546.1,Barail Sandstone,HIGH,Channeling of cement slurry due to poor mud cake removal and incomplete hole cleaning across washed out section.,CBL-VDL log indicated poor bond quality across target production reservoir interval.,Perforated squeeze holes at 3380 m and executed block squeeze cementing with microfine cement at 2800 psi.,Run centralizers at 1 per joint across hydrocarbon zones and utilize high-energy weighted spacer with chemical wash.,41.6,Kumchai-80_DDR_Final_Report.pdf,2,0.89,True
EVT-0049,WELL-009,STUCK_PIPE,4577.5,4594.7,Sylhet Limestone,CRITICAL,Differential sticking while stationary for survey across permeable Barail Sand with 450 psi overbalance.,Drillstring unable to reciprocate or rotate; overpull reached 65 tons with zero pipe movement.,Spotted 40 bbl lubricating oil-based pipe-freeing pill across stuck interval; applied maximum torque (24 kNm) and jarred downward with hydraulic jar for 4.5 hours.,Never keep drillstring stationary for > 3 minutes across Barail formation. Maintain pipe rotation and use low-gravity solids control.,39.1,Kumchai-80_DDR_Final_Report.pdf,31,0.94,True
EVT-0050,WELL-009,KICK,4669.0,4696.0,Sylhet Limestone,CRITICAL,Drilled into unexpected high-pressure gas pocket in lower Bokabil / upper Barail transition zone.,"Pit gain of 18 bbls observed with active gas influx; shut-in drillpipe pressure (SIDPP) stabilized at 320 psi, SICP at 410 psi.","Shut in well using annular preventer, verified shut-in pressures, circulated gas influx out via choke manifold using Wait and Weight method with 1.36 SG kill mud.",Perform flow check on any ROP drilling break > 4 m/hr. Ensure degasser and trip tank level sensors are calibrated.,26.8,Kumchai-80_DDR_Final_Report.pdf,30,0.91,True
EVT-0051,WELL-009,KICK,3230.3,3243.0,Barail Sandstone,CRITICAL,Drilled into unexpected high-pressure gas pocket in lower Bokabil / upper Barail transition zone.,"Pit gain of 18 bbls observed with active gas influx; shut-in drillpipe pressure (SIDPP) stabilized at 320 psi, SICP at 410 psi.","Shut in well using annular preventer, verified shut-in pressures, circulated gas influx out via choke manifold using Wait and Weight method with 1.36 SG kill mud.",Perform flow check on any ROP drilling break > 4 m/hr. Ensure degasser and trip tank level sensors are calibrated.,23.1,Kumchai-80_DDR_Final_Report.pdf,35,0.98,True
EVT-0052,WELL-010,STUCK_PIPE,3539.3,3555.4,Barail Sandstone,CRITICAL,Differential sticking while stationary for survey across permeable Barail Sand with 450 psi overbalance.,Drillstring unable to reciprocate or rotate; overpull reached 65 tons with zero pipe movement.,Spotted 40 bbl lubricating oil-based pipe-freeing pill across stuck interval; applied maximum torque (24 kNm) and jarred downward with hydraulic jar for 4.5 hours.,Never keep drillstring stationary for > 3 minutes across Barail formation. Maintain pipe rotation and use low-gravity solids control.,39.2,Jorajan-47_DDR_Final_Report.pdf,34,0.94,True
EVT-0053,WELL-010,MUD_LOSS,3318.1,3337.5,Barail Sandstone,HIGH,Encountered depleted sandstone reservoir streak with low pore pressure relative to active mud column.,Sudden drop in active pit volume by 45 bbls; standpipe pressure dropped by 180 psi.,"Reduced mud pump rate to 1800 LPM, pumped 35 bbl high-fluid-loss LCM pill (medium calcium carbonate + walnut shells), reduced mud weight from 1.32 to 1.26 SG.",Pre-treat active system with fine CaCO3 before penetrating upper Barail Sand boundary. Monitor flow paddle response diligently.,18.2,Jorajan-47_DDR_Final_Report.pdf,35,0.89,True
EVT-0054,WELL-010,MUD_LOSS,1562.7,1595.6,Girujan Clay,HIGH,Encountered depleted sandstone reservoir streak with low pore pressure relative to active mud column.,Sudden drop in active pit volume by 45 bbls; standpipe pressure dropped by 180 psi.,"Reduced mud pump rate to 1800 LPM, pumped 35 bbl high-fluid-loss LCM pill (medium calcium carbonate + walnut shells), reduced mud weight from 1.32 to 1.26 SG.",Pre-treat active system with fine CaCO3 before penetrating upper Barail Sand boundary. Monitor flow paddle response diligently.,16.2,Jorajan-47_DDR_Final_Report.pdf,32,0.89,True
EVT-0055,WELL-010,MUD_LOSS,3813.9,3836.5,Barail Coal-Shale,HIGH,Encountered depleted sandstone reservoir streak with low pore pressure relative to active mud column.,Sudden drop in active pit volume by 45 bbls; standpipe pressure dropped by 180 psi.,"Reduced mud pump rate to 1800 LPM, pumped 35 bbl high-fluid-loss LCM pill (medium calcium carbonate + walnut shells), reduced mud weight from 1.32 to 1.26 SG.",Pre-treat active system with fine CaCO3 before penetrating upper Barail Sand boundary. Monitor flow paddle response diligently.,16.8,Jorajan-47_DDR_Final_Report.pdf,4,0.91,True
EVT-0056,WELL-010,CEMENTING_ISSUE,4771.3,4778.9,Disang Formation,HIGH,Channeling of cement slurry due to poor mud cake removal and incomplete hole cleaning across washed out section.,CBL-VDL log indicated poor bond quality across target production reservoir interval.,Perforated squeeze holes at 3380 m and executed block squeeze cementing with microfine cement at 2800 psi.,Run centralizers at 1 per joint across hydrocarbon zones and utilize high-energy weighted spacer with chemical wash.,41.6,Jorajan-47_DDR_Final_Report.pdf,37,0.94,True
EVT-0057,WELL-011,STUCK_PIPE,3053.9,3096.9,Bokabil Formation,CRITICAL,Differential sticking while stationary for survey across permeable Barail Sand with 450 psi overbalance.,Drillstring unable to reciprocate or rotate; overpull reached 65 tons with zero pipe movement.,Spotted 40 bbl lubricating oil-based pipe-freeing pill across stuck interval; applied maximum torque (24 kNm) and jarred downward with hydraulic jar for 4.5 hours.,Never keep drillstring stationary for > 3 minutes across Barail formation. Maintain pipe rotation and use low-gravity solids control.,28.9,Shalmari-35_DDR_Final_Report.pdf,16,0.89,True
EVT-0058,WELL-011,CEMENTING_ISSUE,4551.9,4588.5,Sylhet Limestone,HIGH,Channeling of cement slurry due to poor mud cake removal and incomplete hole cleaning across washed out section.,CBL-VDL log indicated poor bond quality across target production reservoir interval.,Perforated squeeze holes at 3380 m and executed block squeeze cementing with microfine cement at 2800 psi.,Run centralizers at 1 per joint across hydrocarbon zones and utilize high-energy weighted spacer with chemical wash.,35.5,Shalmari-35_DDR_Final_Report.pdf,34,0.92,True
EVT-0059,WELL-011,TORQUE_SPIKE,3892.0,3936.6,Barail Coal-Shale,MEDIUM,High dogleg severity and sloughing shale cavings creating keyseating and friction in 8.5 inch section.,Erratic rotary torque surging from 14 kNm to 28 kNm; top drive stalled twice.,"Picked up off bottom, increased flow rate to maximum hole cleaning threshold (2400 LPM), pumped 20 bbl high-viscosity sweep, performed short wiper trip.",Maintain hole inclination change below 2.5 deg/30m in Girujan and Barail Shale sections.,7.9,Shalmari-35_DDR_Final_Report.pdf,40,0.89,True
EVT-0060,WELL-011,LOST_CIRCULATION,2680.7,2694.0,Tipam Sandstone,CRITICAL,Penetrated open micro-fractures in Sylhet Limestone formation.,100% loss of drilling fluid returns; pit level dropped rapidly.,Pumped heavy bridging LCM blend followed by gunk plug (diesel-bentonite-cement); cured loss zone and resumed blind drilling with water cap.,Prepare pre-mixed LCM tanks and fibrous loss materials prior to penetrating top of Sylhet Limestone.,44.5,Shalmari-35_DDR_Final_Report.pdf,43,0.89,True
EVT-0061,WELL-012,STUCK_PIPE,3434.1,3450.1,Barail Sandstone,CRITICAL,Differential sticking while stationary for survey across permeable Barail Sand with 450 psi overbalance.,Drillstring unable to reciprocate or rotate; overpull reached 65 tons with zero pipe movement.,Spotted 40 bbl lubricating oil-based pipe-freeing pill across stuck interval; applied maximum torque (24 kNm) and jarred downward with hydraulic jar for 4.5 hours.,Never keep drillstring stationary for > 3 minutes across Barail formation. Maintain pipe rotation and use low-gravity solids control.,27.9,Shalmari-147_DDR_Final_Report.pdf,19,0.95,True
EVT-0062,WELL-012,LOST_CIRCULATION,4752.0,4766.3,Disang Formation,CRITICAL,Penetrated open micro-fractures in Sylhet Limestone formation.,100% loss of drilling fluid returns; pit level dropped rapidly.,Pumped heavy bridging LCM blend followed by gunk plug (diesel-bentonite-cement); cured loss zone and resumed blind drilling with water cap.,Prepare pre-mixed LCM tanks and fibrous loss materials prior to penetrating top of Sylhet Limestone.,46.0,Shalmari-147_DDR_Final_Report.pdf,41,0.94,True
EVT-0063,WELL-012,CEMENTING_ISSUE,3382.6,3409.4,Barail Sandstone,HIGH,Channeling of cement slurry due to poor mud cake removal and incomplete hole cleaning across washed out section.,CBL-VDL log indicated poor bond quality across target production reservoir interval.,Perforated squeeze holes at 3380 m and executed block squeeze cementing with microfine cement at 2800 psi.,Run centralizers at 1 per joint across hydrocarbon zones and utilize high-energy weighted spacer with chemical wash.,45.2,Shalmari-147_DDR_Final_Report.pdf,18,0.96,True
EVT-0064,WELL-012,MUD_LOSS,3436.2,3453.9,Barail Sandstone,HIGH,Encountered depleted sandstone reservoir streak with low pore pressure relative to active mud column.,Sudden drop in active pit volume by 45 bbls; standpipe pressure dropped by 180 psi.,"Reduced mud pump rate to 1800 LPM, pumped 35 bbl high-fluid-loss LCM pill (medium calcium carbonate + walnut shells), reduced mud weight from 1.32 to 1.26 SG.",Pre-treat active system with fine CaCO3 before penetrating upper Barail Sand boundary. Monitor flow paddle response diligently.,18.0,Shalmari-147_DDR_Final_Report.pdf,8,0.93,True
EVT-0065,WELL-012,KICK,3427.3,3436.7,Barail Sandstone,CRITICAL,Drilled into unexpected high-pressure gas pocket in lower Bokabil / upper Barail transition zone.,"Pit gain of 18 bbls observed with active gas influx; shut-in drillpipe pressure (SIDPP) stabilized at 320 psi, SICP at 410 psi.","Shut in well using annular preventer, verified shut-in pressures, circulated gas influx out via choke manifold using Wait and Weight method with 1.36 SG kill mud.",Perform flow check on any ROP drilling break > 4 m/hr. Ensure degasser and trip tank level sensors are calibrated.,21.8,Shalmari-147_DDR_Final_Report.pdf,28,0.95,True
EVT-0066,WELL-013,KICK,1193.1,1236.6,Girujan Clay,CRITICAL,Drilled into unexpected high-pressure gas pocket in lower Bokabil / upper Barail transition zone.,"Pit gain of 18 bbls observed with active gas influx; shut-in drillpipe pressure (SIDPP) stabilized at 320 psi, SICP at 410 psi.","Shut in well using annular preventer, verified shut-in pressures, circulated gas influx out via choke manifold using Wait and Weight method with 1.36 SG kill mud.",Perform flow check on any ROP drilling break > 4 m/hr. Ensure degasser and trip tank level sensors are calibrated.,34.5,Moran-128_DDR_Final_Report.pdf,37,0.94,True
EVT-0067,WELL-013,MUD_LOSS,3835.2,3870.7,Barail Coal-Shale,HIGH,Encountered depleted sandstone reservoir streak with low pore pressure relative to active mud column.,Sudden drop in active pit volume by 45 bbls; standpipe pressure dropped by 180 psi.,"Reduced mud pump rate to 1800 LPM, pumped 35 bbl high-fluid-loss LCM pill (medium calcium carbonate + walnut shells), reduced mud weight from 1.32 to 1.26 SG.",Pre-treat active system with fine CaCO3 before penetrating upper Barail Sand boundary. Monitor flow paddle response diligently.,16.7,Moran-128_DDR_Final_Report.pdf,34,0.95,True
EVT-0068,WELL-013,KICK,3118.9,3141.3,Bokabil Formation,CRITICAL,Drilled into unexpected high-pressure gas pocket in lower Bokabil / upper Barail transition zone.,"Pit gain of 18 bbls observed with active gas influx; shut-in drillpipe pressure (SIDPP) stabilized at 320 psi, SICP at 410 psi.","Shut in well using annular preventer, verified shut-in pressures, circulated gas influx out via choke manifold using Wait and Weight method with 1.36 SG kill mud.",Perform flow check on any ROP drilling break > 4 m/hr. Ensure degasser and trip tank level sensors are calibrated.,34.1,Moran-128_DDR_Final_Report.pdf,6,0.93,True
EVT-0069,WELL-013,TORQUE_SPIKE,4082.4,4091.6,Kopili Formation,MEDIUM,High dogleg severity and sloughing shale cavings creating keyseating and friction in 8.5 inch section.,Erratic rotary torque surging from 14 kNm to 28 kNm; top drive stalled twice.,"Picked up off bottom, increased flow rate to maximum hole cleaning threshold (2400 LPM), pumped 20 bbl high-viscosity sweep, performed short wiper trip.",Maintain hole inclination change below 2.5 deg/30m in Girujan and Barail Shale sections.,7.2,Moran-128_DDR_Final_Report.pdf,27,0.95,True
EVT-0070,WELL-013,KICK,4614.1,4641.1,Sylhet Limestone,CRITICAL,Drilled into unexpected high-pressure gas pocket in lower Bokabil / upper Barail transition zone.,"Pit gain of 18 bbls observed with active gas influx; shut-in drillpipe pressure (SIDPP) stabilized at 320 psi, SICP at 410 psi.","Shut in well using annular preventer, verified shut-in pressures, circulated gas influx out via choke manifold using Wait and Weight method with 1.36 SG kill mud.",Perform flow check on any ROP drilling break > 4 m/hr. Ensure degasser and trip tank level sensors are calibrated.,28.4,Moran-128_DDR_Final_Report.pdf,21,0.91,True
EVT-0071,WELL-013,MUD_LOSS,4629.5,4667.5,Sylhet Limestone,HIGH,Encountered depleted sandstone reservoir streak with low pore pressure relative to active mud column.,Sudden drop in active pit volume by 45 bbls; standpipe pressure dropped by 180 psi.,"Reduced mud pump rate to 1800 LPM, pumped 35 bbl high-fluid-loss LCM pill (medium calcium carbonate + walnut shells), reduced mud weight from 1.32 to 1.26 SG.",Pre-treat active system with fine CaCO3 before penetrating upper Barail Sand boundary. Monitor flow paddle response diligently.,14.8,Moran-128_DDR_Final_Report.pdf,35,0.93,True
EVT-0072,WELL-013,MUD_LOSS,3429.2,3459.1,Barail Sandstone,HIGH,Encountered depleted sandstone reservoir streak with low pore pressure relative to active mud column.,Sudden drop in active pit volume by 45 bbls; standpipe pressure dropped by 180 psi.,"Reduced mud pump rate to 1800 LPM, pumped 35 bbl high-fluid-loss LCM pill (medium calcium carbonate + walnut shells), reduced mud weight from 1.32 to 1.26 SG.",Pre-treat active system with fine CaCO3 before penetrating upper Barail Sand boundary. Monitor flow paddle response diligently.,20.3,Moran-128_DDR_Final_Report.pdf,29,0.96,True
EVT-0073,WELL-013,STUCK_PIPE,3829.8,3871.9,Barail Coal-Shale,CRITICAL,Differential sticking while stationary for survey across permeable Barail Sand with 450 psi overbalance.,Drillstring unable to reciprocate or rotate; overpull reached 65 tons with zero pipe movement.,Spotted 40 bbl lubricating oil-based pipe-freeing pill across stuck interval; applied maximum torque (24 kNm) and jarred downward with hydraulic jar for 4.5 hours.,Never keep drillstring stationary for > 3 minutes across Barail formation. Maintain pipe rotation and use low-gravity solids control.,36.1,Moran-128_DDR_Final_Report.pdf,45,0.93,True
EVT-0074,WELL-014,LOST_CIRCULATION,3524.9,3542.3,Barail Sandstone,CRITICAL,Penetrated open micro-fractures in Sylhet Limestone formation.,100% loss of drilling fluid returns; pit level dropped rapidly.,Pumped heavy bridging LCM blend followed by gunk plug (diesel-bentonite-cement); cured loss zone and resumed blind drilling with water cap.,Prepare pre-mixed LCM tanks and fibrous loss materials prior to penetrating top of Sylhet Limestone.,38.8,Baghjan-51_DDR_Final_Report.pdf,27,0.89,True
EVT-0075,WELL-014,CEMENTING_ISSUE,2316.1,2325.8,Tipam Sandstone,HIGH,Channeling of cement slurry due to poor mud cake removal and incomplete hole cleaning across washed out section.,CBL-VDL log indicated poor bond quality across target production reservoir interval.,Perforated squeeze holes at 3380 m and executed block squeeze cementing with microfine cement at 2800 psi.,Run centralizers at 1 per joint across hydrocarbon zones and utilize high-energy weighted spacer with chemical wash.,49.4,Baghjan-51_DDR_Final_Report.pdf,32,0.97,True
EVT-0076,WELL-014,KICK,3803.1,3827.4,Barail Coal-Shale,CRITICAL,Drilled into unexpected high-pressure gas pocket in lower Bokabil / upper Barail transition zone.,"Pit gain of 18 bbls observed with active gas influx; shut-in drillpipe pressure (SIDPP) stabilized at 320 psi, SICP at 410 psi.","Shut in well using annular preventer, verified shut-in pressures, circulated gas influx out via choke manifold using Wait and Weight method with 1.36 SG kill mud.",Perform flow check on any ROP drilling break > 4 m/hr. Ensure degasser and trip tank level sensors are calibrated.,28.7,Baghjan-51_DDR_Final_Report.pdf,30,0.94,True
EVT-0077,WELL-014,TORQUE_SPIKE,3630.9,3656.2,Barail Sandstone,MEDIUM,High dogleg severity and sloughing shale cavings creating keyseating and friction in 8.5 inch section.,Erratic rotary torque surging from 14 kNm to 28 kNm; top drive stalled twice.,"Picked up off bottom, increased flow rate to maximum hole cleaning threshold (2400 LPM), pumped 20 bbl high-viscosity sweep, performed short wiper trip.",Maintain hole inclination change below 2.5 deg/30m in Girujan and Barail Shale sections.,10.6,Baghjan-51_DDR_Final_Report.pdf,5,0.91,True
EVT-0078,WELL-015,KICK,3884.1,3900.4,Barail Coal-Shale,CRITICAL,Drilled into unexpected high-pressure gas pocket in lower Bokabil / upper Barail transition zone.,"Pit gain of 18 bbls observed with active gas influx; shut-in drillpipe pressure (SIDPP) stabilized at 320 psi, SICP at 410 psi.","Shut in well using annular preventer, verified shut-in pressures, circulated gas influx out via choke manifold using Wait and Weight method with 1.36 SG kill mud.",Perform flow check on any ROP drilling break > 4 m/hr. Ensure degasser and trip tank level sensors are calibrated.,25.9,Jorajan-73_DDR_Final_Report.pdf,38,0.94,True
EVT-0079,WELL-015,LOST_CIRCULATION,5109.4,5132.3,Disang Formation,CRITICAL,Penetrated open micro-fractures in Sylhet Limestone formation.,100% loss of drilling fluid returns; pit level dropped rapidly.,Pumped heavy bridging LCM blend followed by gunk plug (diesel-bentonite-cement); cured loss zone and resumed blind drilling with water cap.,Prepare pre-mixed LCM tanks and fibrous loss materials prior to penetrating top of Sylhet Limestone.,52.3,Jorajan-73_DDR_Final_Report.pdf,22,0.94,True
EVT-0080,WELL-015,PACK_OFF,4506.6,4524.5,Sylhet Limestone,HIGH,Severe shale sloughing and inadequate cutting transport leading to annular bridge around BHA stabilizers.,Sudden pressure spike of 900 psi on standpipe; total loss of returns due to annular bridging.,"Immediately stopped pumps, worked drillstring with light tension, slowly re-established circulation at low rate (800 LPM) while rotating at 40 RPM.",Increase polymer encapsulation concentration and optimize flow rheology (YP > 22 lb/100ft2) before drilling Barail Coal-Shale.,12.8,Jorajan-73_DDR_Final_Report.pdf,45,0.9,True
EVT-0081,WELL-015,TORQUE_SPIKE,3598.0,3619.4,Barail Sandstone,MEDIUM,High dogleg severity and sloughing shale cavings creating keyseating and friction in 8.5 inch section.,Erratic rotary torque surging from 14 kNm to 28 kNm; top drive stalled twice.,"Picked up off bottom, increased flow rate to maximum hole cleaning threshold (2400 LPM), pumped 20 bbl high-viscosity sweep, performed short wiper trip.",Maintain hole inclination change below 2.5 deg/30m in Girujan and Barail Shale sections.,7.9,Jorajan-73_DDR_Final_Report.pdf,31,0.95,True
EVT-0082,WELL-015,CEMENTING_ISSUE,4485.8,4517.3,Sylhet Limestone,HIGH,Channeling of cement slurry due to poor mud cake removal and incomplete hole cleaning across washed out section.,CBL-VDL log indicated poor bond quality across target production reservoir interval.,Perforated squeeze holes at 3380 m and executed block squeeze cementing with microfine cement at 2800 psi.,Run centralizers at 1 per joint across hydrocarbon zones and utilize high-energy weighted spacer with chemical wash.,49.1,Jorajan-73_DDR_Final_Report.pdf,10,0.93,True
EVT-0083,WELL-015,MUD_LOSS,2945.8,2974.4,Bokabil Formation,HIGH,Encountered depleted sandstone reservoir streak with low pore pressure relative to active mud column.,Sudden drop in active pit volume by 45 bbls; standpipe pressure dropped by 180 psi.,"Reduced mud pump rate to 1800 LPM, pumped 35 bbl high-fluid-loss LCM pill (medium calcium carbonate + walnut shells), reduced mud weight from 1.32 to 1.26 SG.",Pre-treat active system with fine CaCO3 before penetrating upper Barail Sand boundary. Monitor flow paddle response diligently.,24.5,Jorajan-73_DDR_Final_Report.pdf,29,0.89,True
EVT-0084,WELL-015,TORQUE_SPIKE,1698.0,1719.4,Girujan Clay,MEDIUM,High dogleg severity and sloughing shale cavings creating keyseating and friction in 8.5 inch section.,Erratic rotary torque surging from 14 kNm to 28 kNm; top drive stalled twice.,"Picked up off bottom, increased flow rate to maximum hole cleaning threshold (2400 LPM), pumped 20 bbl high-viscosity sweep, performed short wiper trip.",Maintain hole inclination change below 2.5 deg/30m in Girujan and Barail Shale sections.,9.5,Jorajan-73_DDR_Final_Report.pdf,10,0.89,True
EVT-0085,WELL-016,KICK,4565.0,4604.1,Sylhet Limestone,CRITICAL,Drilled into unexpected high-pressure gas pocket in lower Bokabil / upper Barail transition zone.,"Pit gain of 18 bbls observed with active gas influx; shut-in drillpipe pressure (SIDPP) stabilized at 320 psi, SICP at 410 psi.","Shut in well using annular preventer, verified shut-in pressures, circulated gas influx out via choke manifold using Wait and Weight method with 1.36 SG kill mud.",Perform flow check on any ROP drilling break > 4 m/hr. Ensure degasser and trip tank level sensors are calibrated.,34.8,Shalmari-152_DDR_Final_Report.pdf,35,0.92,True
EVT-0086,WELL-016,KICK,5112.6,5119.0,Disang Formation,CRITICAL,Drilled into unexpected high-pressure gas pocket in lower Bokabil / upper Barail transition zone.,"Pit gain of 18 bbls observed with active gas influx; shut-in drillpipe pressure (SIDPP) stabilized at 320 psi, SICP at 410 psi.","Shut in well using annular preventer, verified shut-in pressures, circulated gas influx out via choke manifold using Wait and Weight method with 1.36 SG kill mud.",Perform flow check on any ROP drilling break > 4 m/hr. Ensure degasser and trip tank level sensors are calibrated.,22.3,Shalmari-152_DDR_Final_Report.pdf,41,0.95,True
EVT-0087,WELL-016,KICK,3543.4,3565.8,Barail Sandstone,CRITICAL,Drilled into unexpected high-pressure gas pocket in lower Bokabil / upper Barail transition zone.,"Pit gain of 18 bbls observed with active gas influx; shut-in drillpipe pressure (SIDPP) stabilized at 320 psi, SICP at 410 psi.","Shut in well using annular preventer, verified shut-in pressures, circulated gas influx out via choke manifold using Wait and Weight method with 1.36 SG kill mud.",Perform flow check on any ROP drilling break > 4 m/hr. Ensure degasser and trip tank level sensors are calibrated.,22.8,Shalmari-152_DDR_Final_Report.pdf,41,0.95,True
EVT-0088,WELL-016,MUD_LOSS,4794.9,4811.9,Disang Formation,HIGH,Encountered depleted sandstone reservoir streak with low pore pressure relative to active mud column.,Sudden drop in active pit volume by 45 bbls; standpipe pressure dropped by 180 psi.,"Reduced mud pump rate to 1800 LPM, pumped 35 bbl high-fluid-loss LCM pill (medium calcium carbonate + walnut shells), reduced mud weight from 1.32 to 1.26 SG.",Pre-treat active system with fine CaCO3 before penetrating upper Barail Sand boundary. Monitor flow paddle response diligently.,15.1,Shalmari-152_DDR_Final_Report.pdf,21,0.96,True
EVT-0089,WELL-016,KICK,4101.2,4112.0,Kopili Formation,CRITICAL,Drilled into unexpected high-pressure gas pocket in lower Bokabil / upper Barail transition zone.,"Pit gain of 18 bbls observed with active gas influx; shut-in drillpipe pressure (SIDPP) stabilized at 320 psi, SICP at 410 psi.","Shut in well using annular preventer, verified shut-in pressures, circulated gas influx out via choke manifold using Wait and Weight method with 1.36 SG kill mud.",Perform flow check on any ROP drilling break > 4 m/hr. Ensure degasser and trip tank level sensors are calibrated.,29.6,Shalmari-152_DDR_Final_Report.pdf,37,0.95,True
EVT-0090,WELL-016,STUCK_PIPE,2831.3,2860.7,Bokabil Formation,CRITICAL,Differential sticking while stationary for survey across permeable Barail Sand with 450 psi overbalance.,Drillstring unable to reciprocate or rotate; overpull reached 65 tons with zero pipe movement.,Spotted 40 bbl lubricating oil-based pipe-freeing pill across stuck interval; applied maximum torque (24 kNm) and jarred downward with hydraulic jar for 4.5 hours.,Never keep drillstring stationary for > 3 minutes across Barail formation. Maintain pipe rotation and use low-gravity solids control.,35.0,Shalmari-152_DDR_Final_Report.pdf,44,0.9,True
EVT-0091,WELL-017,STUCK_PIPE,3400.6,3415.8,Barail Sandstone,CRITICAL,Differential sticking while stationary for survey across permeable Barail Sand with 450 psi overbalance.,Drillstring unable to reciprocate or rotate; overpull reached 65 tons with zero pipe movement.,Spotted 40 bbl lubricating oil-based pipe-freeing pill across stuck interval; applied maximum torque (24 kNm) and jarred downward with hydraulic jar for 4.5 hours.,Never keep drillstring stationary for > 3 minutes across Barail formation. Maintain pipe rotation and use low-gravity solids control.,32.4,Tengakhat-124_DDR_Final_Report.pdf,1,0.97,True
EVT-0092,WELL-017,TORQUE_SPIKE,3855.5,3866.8,Barail Coal-Shale,MEDIUM,High dogleg severity and sloughing shale cavings creating keyseating and friction in 8.5 inch section.,Erratic rotary torque surging from 14 kNm to 28 kNm; top drive stalled twice.,"Picked up off bottom, increased flow rate to maximum hole cleaning threshold (2400 LPM), pumped 20 bbl high-viscosity sweep, performed short wiper trip.",Maintain hole inclination change below 2.5 deg/30m in Girujan and Barail Shale sections.,8.5,Tengakhat-124_DDR_Final_Report.pdf,23,0.98,True
EVT-0093,WELL-017,KICK,4577.1,4600.4,Sylhet Limestone,CRITICAL,Drilled into unexpected high-pressure gas pocket in lower Bokabil / upper Barail transition zone.,"Pit gain of 18 bbls observed with active gas influx; shut-in drillpipe pressure (SIDPP) stabilized at 320 psi, SICP at 410 psi.","Shut in well using annular preventer, verified shut-in pressures, circulated gas influx out via choke manifold using Wait and Weight method with 1.36 SG kill mud.",Perform flow check on any ROP drilling break > 4 m/hr. Ensure degasser and trip tank level sensors are calibrated.,26.0,Tengakhat-124_DDR_Final_Report.pdf,25,0.97,True
EVT-0094,WELL-017,MUD_LOSS,3360.7,3380.1,Barail Sandstone,HIGH,Encountered depleted sandstone reservoir streak with low pore pressure relative to active mud column.,Sudden drop in active pit volume by 45 bbls; standpipe pressure dropped by 180 psi.,"Reduced mud pump rate to 1800 LPM, pumped 35 bbl high-fluid-loss LCM pill (medium calcium carbonate + walnut shells), reduced mud weight from 1.32 to 1.26 SG.",Pre-treat active system with fine CaCO3 before penetrating upper Barail Sand boundary. Monitor flow paddle response diligently.,18.1,Tengakhat-124_DDR_Final_Report.pdf,45,0.91,True
EVT-0095,WELL-017,CEMENTING_ISSUE,4452.3,4479.9,Sylhet Limestone,HIGH,Channeling of cement slurry due to poor mud cake removal and incomplete hole cleaning across washed out section.,CBL-VDL log indicated poor bond quality across target production reservoir interval.,Perforated squeeze holes at 3380 m and executed block squeeze cementing with microfine cement at 2800 psi.,Run centralizers at 1 per joint across hydrocarbon zones and utilize high-energy weighted spacer with chemical wash.,46.0,Tengakhat-124_DDR_Final_Report.pdf,4,0.97,True
EVT-0096,WELL-017,LOST_CIRCULATION,5094.8,5135.9,Disang Formation,CRITICAL,Penetrated open micro-fractures in Sylhet Limestone formation.,100% loss of drilling fluid returns; pit level dropped rapidly.,Pumped heavy bridging LCM blend followed by gunk plug (diesel-bentonite-cement); cured loss zone and resumed blind drilling with water cap.,Prepare pre-mixed LCM tanks and fibrous loss materials prior to penetrating top of Sylhet Limestone.,60.7,Tengakhat-124_DDR_Final_Report.pdf,15,0.94,True
EVT-0097,WELL-017,KICK,3488.3,3518.1,Barail Sandstone,CRITICAL,Drilled into unexpected high-pressure gas pocket in lower Bokabil / upper Barail transition zone.,"Pit gain of 18 bbls observed with active gas influx; shut-in drillpipe pressure (SIDPP) stabilized at 320 psi, SICP at 410 psi.","Shut in well using annular preventer, verified shut-in pressures, circulated gas influx out via choke manifold using Wait and Weight method with 1.36 SG kill mud.",Perform flow check on any ROP drilling break > 4 m/hr. Ensure degasser and trip tank level sensors are calibrated.,32.0,Tengakhat-124_DDR_Final_Report.pdf,43,0.95,True
EVT-0098,WELL-017,STUCK_PIPE,2647.6,2678.5,Tipam Sandstone,CRITICAL,Differential sticking while stationary for survey across permeable Barail Sand with 450 psi overbalance.,Drillstring unable to reciprocate or rotate; overpull reached 65 tons with zero pipe movement.,Spotted 40 bbl lubricating oil-based pipe-freeing pill across stuck interval; applied maximum torque (24 kNm) and jarred downward with hydraulic jar for 4.5 hours.,Never keep drillstring stationary for > 3 minutes across Barail formation. Maintain pipe rotation and use low-gravity solids control.,33.5,Tengakhat-124_DDR_Final_Report.pdf,29,0.88,True
EVT-0099,WELL-018,LOST_CIRCULATION,2801.5,2818.3,Bokabil Formation,CRITICAL,Penetrated open micro-fractures in Sylhet Limestone formation.,100% loss of drilling fluid returns; pit level dropped rapidly.,Pumped heavy bridging LCM blend followed by gunk plug (diesel-bentonite-cement); cured loss zone and resumed blind drilling with water cap.,Prepare pre-mixed LCM tanks and fibrous loss materials prior to penetrating top of Sylhet Limestone.,59.9,Baghjan-13_DDR_Final_Report.pdf,12,0.9,True
EVT-0100,WELL-018,CEMENTING_ISSUE,4155.8,4197.3,Kopili Formation,HIGH,Channeling of cement slurry due to poor mud cake removal and incomplete hole cleaning across washed out section.,CBL-VDL log indicated poor bond quality across target production reservoir interval.,Perforated squeeze holes at 3380 m and executed block squeeze cementing with microfine cement at 2800 psi.,Run centralizers at 1 per joint across hydrocarbon zones and utilize high-energy weighted spacer with chemical wash.,49.3,Baghjan-13_DDR_Final_Report.pdf,17,0.97,True
EVT-0101,WELL-018,TORQUE_SPIKE,3869.3,3887.8,Barail Coal-Shale,MEDIUM,High dogleg severity and sloughing shale cavings creating keyseating and friction in 8.5 inch section.,Erratic rotary torque surging from 14 kNm to 28 kNm; top drive stalled twice.,"Picked up off bottom, increased flow rate to maximum hole cleaning threshold (2400 LPM), pumped 20 bbl high-viscosity sweep, performed short wiper trip.",Maintain hole inclination change below 2.5 deg/30m in Girujan and Barail Shale sections.,7.0,Baghjan-13_DDR_Final_Report.pdf,5,0.89,True
EVT-0102,WELL-018,STUCK_PIPE,4660.2,4697.4,Sylhet Limestone,CRITICAL,Differential sticking while stationary for survey across permeable Barail Sand with 450 psi overbalance.,Drillstring unable to reciprocate or rotate; overpull reached 65 tons with zero pipe movement.,Spotted 40 bbl lubricating oil-based pipe-freeing pill across stuck interval; applied maximum torque (24 kNm) and jarred downward with hydraulic jar for 4.5 hours.,Never keep drillstring stationary for > 3 minutes across Barail formation. Maintain pipe rotation and use low-gravity solids control.,34.7,Baghjan-13_DDR_Final_Report.pdf,26,0.88,True
EVT-0103,WELL-018,PACK_OFF,2311.1,2343.0,Tipam Sandstone,HIGH,Severe shale sloughing and inadequate cutting transport leading to annular bridge around BHA stabilizers.,Sudden pressure spike of 900 psi on standpipe; total loss of returns due to annular bridging.,"Immediately stopped pumps, worked drillstring with light tension, slowly re-established circulation at low rate (800 LPM) while rotating at 40 RPM.",Increase polymer encapsulation concentration and optimize flow rheology (YP > 22 lb/100ft2) before drilling Barail Coal-Shale.,16.8,Baghjan-13_DDR_Final_Report.pdf,38,0.92,True
EVT-0104,WELL-018,LOST_CIRCULATION,4007.9,4022.3,Kopili Formation,CRITICAL,Penetrated open micro-fractures in Sylhet Limestone formation.,100% loss of drilling fluid returns; pit level dropped rapidly.,Pumped heavy bridging LCM blend followed by gunk plug (diesel-bentonite-cement); cured loss zone and resumed blind drilling with water cap.,Prepare pre-mixed LCM tanks and fibrous loss materials prior to penetrating top of Sylhet Limestone.,39.1,Baghjan-13_DDR_Final_Report.pdf,36,0.91,True
EVT-0105,WELL-019,STUCK_PIPE,2446.6,2470.2,Tipam Sandstone,CRITICAL,Differential sticking while stationary for survey across permeable Barail Sand with 450 psi overbalance.,Drillstring unable to reciprocate or rotate; overpull reached 65 tons with zero pipe movement.,Spotted 40 bbl lubricating oil-based pipe-freeing pill across stuck interval; applied maximum torque (24 kNm) and jarred downward with hydraulic jar for 4.5 hours.,Never keep drillstring stationary for > 3 minutes across Barail formation. Maintain pipe rotation and use low-gravity solids control.,41.5,Shalmari-66_DDR_Final_Report.pdf,42,0.92,True
EVT-0106,WELL-019,STUCK_PIPE,1877.0,1894.2,Girujan Clay,CRITICAL,Differential sticking while stationary for survey across permeable Barail Sand with 450 psi overbalance.,Drillstring unable to reciprocate or rotate; overpull reached 65 tons with zero pipe movement.,Spotted 40 bbl lubricating oil-based pipe-freeing pill across stuck interval; applied maximum torque (24 kNm) and jarred downward with hydraulic jar for 4.5 hours.,Never keep drillstring stationary for > 3 minutes across Barail formation. Maintain pipe rotation and use low-gravity solids control.,37.2,Shalmari-66_DDR_Final_Report.pdf,7,0.9,True
EVT-0107,WELL-019,PACK_OFF,2906.0,2925.8,Bokabil Formation,HIGH,Severe shale sloughing and inadequate cutting transport leading to annular bridge around BHA stabilizers.,Sudden pressure spike of 900 psi on standpipe; total loss of returns due to annular bridging.,"Immediately stopped pumps, worked drillstring with light tension, slowly re-established circulation at low rate (800 LPM) while rotating at 40 RPM.",Increase polymer encapsulation concentration and optimize flow rheology (YP > 22 lb/100ft2) before drilling Barail Coal-Shale.,19.2,Shalmari-66_DDR_Final_Report.pdf,45,0.97,True
EVT-0108,WELL-019,TORQUE_SPIKE,3079.9,3111.1,Bokabil Formation,MEDIUM,High dogleg severity and sloughing shale cavings creating keyseating and friction in 8.5 inch section.,Erratic rotary torque surging from 14 kNm to 28 kNm; top drive stalled twice.,"Picked up off bottom, increased flow rate to maximum hole cleaning threshold (2400 LPM), pumped 20 bbl high-viscosity sweep, performed short wiper trip.",Maintain hole inclination change below 2.5 deg/30m in Girujan and Barail Shale sections.,10.4,Shalmari-66_DDR_Final_Report.pdf,40,0.92,True
EVT-0109,WELL-019,KICK,1672.2,1685.9,Girujan Clay,CRITICAL,Drilled into unexpected high-pressure gas pocket in lower Bokabil / upper Barail transition zone.,"Pit gain of 18 bbls observed with active gas influx; shut-in drillpipe pressure (SIDPP) stabilized at 320 psi, SICP at 410 psi.","Shut in well using annular preventer, verified shut-in pressures, circulated gas influx out via choke manifold using Wait and Weight method with 1.36 SG kill mud.",Perform flow check on any ROP drilling break > 4 m/hr. Ensure degasser and trip tank level sensors are calibrated.,28.3,Shalmari-66_DDR_Final_Report.pdf,16,0.97,True
EVT-0110,WELL-019,MUD_LOSS,4160.6,4204.7,Kopili Formation,HIGH,Encountered depleted sandstone reservoir streak with low pore pressure relative to active mud column.,Sudden drop in active pit volume by 45 bbls; standpipe pressure dropped by 180 psi.,"Reduced mud pump rate to 1800 LPM, pumped 35 bbl high-fluid-loss LCM pill (medium calcium carbonate + walnut shells), reduced mud weight from 1.32 to 1.26 SG.",Pre-treat active system with fine CaCO3 before penetrating upper Barail Sand boundary. Monitor flow paddle response diligently.,18.8,Shalmari-66_DDR_Final_Report.pdf,26,0.91,True
EVT-0111,WELL-019,MUD_LOSS,4761.3,4774.8,Disang Formation,HIGH,Encountered depleted sandstone reservoir streak with low pore pressure relative to active mud column.,Sudden drop in active pit volume by 45 bbls; standpipe pressure dropped by 180 psi.,"Reduced mud pump rate to 1800 LPM, pumped 35 bbl high-fluid-loss LCM pill (medium calcium carbonate + walnut shells), reduced mud weight from 1.32 to 1.26 SG.",Pre-treat active system with fine CaCO3 before penetrating upper Barail Sand boundary. Monitor flow paddle response diligently.,21.9,Shalmari-66_DDR_Final_Report.pdf,2,0.89,True
EVT-0112,WELL-019,KICK,3664.4,3700.9,Barail Sandstone,CRITICAL,Drilled into unexpected high-pressure gas pocket in lower Bokabil / upper Barail transition zone.,"Pit gain of 18 bbls observed with active gas influx; shut-in drillpipe pressure (SIDPP) stabilized at 320 psi, SICP at 410 psi.","Shut in well using annular preventer, verified shut-in pressures, circulated gas influx out via choke manifold using Wait and Weight method with 1.36 SG kill mud.",Perform flow check on any ROP drilling break > 4 m/hr. Ensure degasser and trip tank level sensors are calibrated.,24.5,Shalmari-66_DDR_Final_Report.pdf,36,0.9,True
EVT-0113,WELL-020,CEMENTING_ISSUE,3334.3,3345.2,Barail Sandstone,HIGH,Channeling of cement slurry due to poor mud cake removal and incomplete hole cleaning across washed out section.,CBL-VDL log indicated poor bond quality across target production reservoir interval.,Perforated squeeze holes at 3380 m and executed block squeeze cementing with microfine cement at 2800 psi.,Run centralizers at 1 per joint across hydrocarbon zones and utilize high-energy weighted spacer with chemical wash.,50.9,Nahorkatiya-180_DDR_Final_Report.pdf,1,0.91,True
EVT-0114,WELL-020,STUCK_PIPE,2959.1,2996.0,Bokabil Formation,CRITICAL,Differential sticking while stationary for survey across permeable Barail Sand with 450 psi overbalance.,Drillstring unable to reciprocate or rotate; overpull reached 65 tons with zero pipe movement.,Spotted 40 bbl lubricating oil-based pipe-freeing pill across stuck interval; applied maximum torque (24 kNm) and jarred downward with hydraulic jar for 4.5 hours.,Never keep drillstring stationary for > 3 minutes across Barail formation. Maintain pipe rotation and use low-gravity solids control.,29.4,Nahorkatiya-180_DDR_Final_Report.pdf,2,0.89,True
EVT-0115,WELL-020,KICK,3464.4,3470.0,Barail Sandstone,CRITICAL,Drilled into unexpected high-pressure gas pocket in lower Bokabil / upper Barail transition zone.,"Pit gain of 18 bbls observed with active gas influx; shut-in drillpipe pressure (SIDPP) stabilized at 320 psi, SICP at 410 psi.","Shut in well using annular preventer, verified shut-in pressures, circulated gas influx out via choke manifold using Wait and Weight method with 1.36 SG kill mud.",Perform flow check on any ROP drilling break > 4 m/hr. Ensure degasser and trip tank level sensors are calibrated.,25.4,Nahorkatiya-180_DDR_Final_Report.pdf,9,0.95,True
EVT-0116,WELL-020,PACK_OFF,2529.2,2553.2,Tipam Sandstone,HIGH,Severe shale sloughing and inadequate cutting transport leading to annular bridge around BHA stabilizers.,Sudden pressure spike of 900 psi on standpipe; total loss of returns due to annular bridging.,"Immediately stopped pumps, worked drillstring with light tension, slowly re-established circulation at low rate (800 LPM) while rotating at 40 RPM.",Increase polymer encapsulation concentration and optimize flow rheology (YP > 22 lb/100ft2) before drilling Barail Coal-Shale.,17.7,Nahorkatiya-180_DDR_Final_Report.pdf,33,0.94,True
EVT-0117,WELL-020,TORQUE_SPIKE,3642.7,3649.4,Barail Sandstone,MEDIUM,High dogleg severity and sloughing shale cavings creating keyseating and friction in 8.5 inch section.,Erratic rotary torque surging from 14 kNm to 28 kNm; top drive stalled twice.,"Picked up off bottom, increased flow rate to maximum hole cleaning threshold (2400 LPM), pumped 20 bbl high-viscosity sweep, performed short wiper trip.",Maintain hole inclination change below 2.5 deg/30m in Girujan and Barail Shale sections.,10.2,Nahorkatiya-180_DDR_Final_Report.pdf,43,0.93,True
EVT-0118,WELL-021,LOST_CIRCULATION,1168.7,1192.9,Girujan Clay,CRITICAL,Penetrated open micro-fractures in Sylhet Limestone formation.,100% loss of drilling fluid returns; pit level dropped rapidly.,Pumped heavy bridging LCM blend followed by gunk plug (diesel-bentonite-cement); cured loss zone and resumed blind drilling with water cap.,Prepare pre-mixed LCM tanks and fibrous loss materials prior to penetrating top of Sylhet Limestone.,50.0,Baghjan-61_DDR_Final_Report.pdf,44,0.89,True
EVT-0119,WELL-021,LOST_CIRCULATION,4753.1,4761.3,Disang Formation,CRITICAL,Penetrated open micro-fractures in Sylhet Limestone formation.,100% loss of drilling fluid returns; pit level dropped rapidly.,Pumped heavy bridging LCM blend followed by gunk plug (diesel-bentonite-cement); cured loss zone and resumed blind drilling with water cap.,Prepare pre-mixed LCM tanks and fibrous loss materials prior to penetrating top of Sylhet Limestone.,55.9,Baghjan-61_DDR_Final_Report.pdf,5,0.89,True
EVT-0120,WELL-021,PACK_OFF,4103.3,4132.2,Kopili Formation,HIGH,Severe shale sloughing and inadequate cutting transport leading to annular bridge around BHA stabilizers.,Sudden pressure spike of 900 psi on standpipe; total loss of returns due to annular bridging.,"Immediately stopped pumps, worked drillstring with light tension, slowly re-established circulation at low rate (800 LPM) while rotating at 40 RPM.",Increase polymer encapsulation concentration and optimize flow rheology (YP > 22 lb/100ft2) before drilling Barail Coal-Shale.,13.7,Baghjan-61_DDR_Final_Report.pdf,33,0.94,True
EVT-0121,WELL-021,MUD_LOSS,2609.6,2640.6,Tipam Sandstone,HIGH,Encountered depleted sandstone reservoir streak with low pore pressure relative to active mud column.,Sudden drop in active pit volume by 45 bbls; standpipe pressure dropped by 180 psi.,"Reduced mud pump rate to 1800 LPM, pumped 35 bbl high-fluid-loss LCM pill (medium calcium carbonate + walnut shells), reduced mud weight from 1.32 to 1.26 SG.",Pre-treat active system with fine CaCO3 before penetrating upper Barail Sand boundary. Monitor flow paddle response diligently.,23.3,Baghjan-61_DDR_Final_Report.pdf,14,0.92,True
EVT-0122,WELL-021,STUCK_PIPE,4471.7,4494.8,Sylhet Limestone,CRITICAL,Differential sticking while stationary for survey across permeable Barail Sand with 450 psi overbalance.,Drillstring unable to reciprocate or rotate; overpull reached 65 tons with zero pipe movement.,Spotted 40 bbl lubricating oil-based pipe-freeing pill across stuck interval; applied maximum torque (24 kNm) and jarred downward with hydraulic jar for 4.5 hours.,Never keep drillstring stationary for > 3 minutes across Barail formation. Maintain pipe rotation and use low-gravity solids control.,35.7,Baghjan-61_DDR_Final_Report.pdf,7,0.91,True
EVT-0123,WELL-021,KICK,3794.9,3806.0,Barail Coal-Shale,CRITICAL,Drilled into unexpected high-pressure gas pocket in lower Bokabil / upper Barail transition zone.,"Pit gain of 18 bbls observed with active gas influx; shut-in drillpipe pressure (SIDPP) stabilized at 320 psi, SICP at 410 psi.","Shut in well using annular preventer, verified shut-in pressures, circulated gas influx out via choke manifold using Wait and Weight method with 1.36 SG kill mud.",Perform flow check on any ROP drilling break > 4 m/hr. Ensure degasser and trip tank level sensors are calibrated.,35.9,Baghjan-61_DDR_Final_Report.pdf,5,0.89,True
EVT-0124,WELL-021,MUD_LOSS,2293.9,2328.7,Tipam Sandstone,HIGH,Encountered depleted sandstone reservoir streak with low pore pressure relative to active mud column.,Sudden drop in active pit volume by 45 bbls; standpipe pressure dropped by 180 psi.,"Reduced mud pump rate to 1800 LPM, pumped 35 bbl high-fluid-loss LCM pill (medium calcium carbonate + walnut shells), reduced mud weight from 1.32 to 1.26 SG.",Pre-treat active system with fine CaCO3 before penetrating upper Barail Sand boundary. Monitor flow paddle response diligently.,18.9,Baghjan-61_DDR_Final_Report.pdf,9,0.94,True
EVT-0125,WELL-022,PACK_OFF,4204.5,4225.9,Kopili Formation,HIGH,Severe shale sloughing and inadequate cutting transport leading to annular bridge around BHA stabilizers.,Sudden pressure spike of 900 psi on standpipe; total loss of returns due to annular bridging.,"Immediately stopped pumps, worked drillstring with light tension, slowly re-established circulation at low rate (800 LPM) while rotating at 40 RPM.",Increase polymer encapsulation concentration and optimize flow rheology (YP > 22 lb/100ft2) before drilling Barail Coal-Shale.,18.5,Nahorkatiya-24_DDR_Final_Report.pdf,28,0.97,True
EVT-0126,WELL-022,LOST_CIRCULATION,1894.7,1923.7,Girujan Clay,CRITICAL,Penetrated open micro-fractures in Sylhet Limestone formation.,100% loss of drilling fluid returns; pit level dropped rapidly.,Pumped heavy bridging LCM blend followed by gunk plug (diesel-bentonite-cement); cured loss zone and resumed blind drilling with water cap.,Prepare pre-mixed LCM tanks and fibrous loss materials prior to penetrating top of Sylhet Limestone.,48.5,Nahorkatiya-24_DDR_Final_Report.pdf,37,0.93,True
EVT-0127,WELL-022,STUCK_PIPE,4820.9,4830.2,Disang Formation,CRITICAL,Differential sticking while stationary for survey across permeable Barail Sand with 450 psi overbalance.,Drillstring unable to reciprocate or rotate; overpull reached 65 tons with zero pipe movement.,Spotted 40 bbl lubricating oil-based pipe-freeing pill across stuck interval; applied maximum torque (24 kNm) and jarred downward with hydraulic jar for 4.5 hours.,Never keep drillstring stationary for > 3 minutes across Barail formation. Maintain pipe rotation and use low-gravity solids control.,44.4,Nahorkatiya-24_DDR_Final_Report.pdf,24,0.89,True
EVT-0128,WELL-022,KICK,3573.6,3612.4,Barail Sandstone,CRITICAL,Drilled into unexpected high-pressure gas pocket in lower Bokabil / upper Barail transition zone.,"Pit gain of 18 bbls observed with active gas influx; shut-in drillpipe pressure (SIDPP) stabilized at 320 psi, SICP at 410 psi.","Shut in well using annular preventer, verified shut-in pressures, circulated gas influx out via choke manifold using Wait and Weight method with 1.36 SG kill mud.",Perform flow check on any ROP drilling break > 4 m/hr. Ensure degasser and trip tank level sensors are calibrated.,36.7,Nahorkatiya-24_DDR_Final_Report.pdf,40,0.94,True
EVT-0129,WELL-022,LOST_CIRCULATION,1607.2,1638.5,Girujan Clay,CRITICAL,Penetrated open micro-fractures in Sylhet Limestone formation.,100% loss of drilling fluid returns; pit level dropped rapidly.,Pumped heavy bridging LCM blend followed by gunk plug (diesel-bentonite-cement); cured loss zone and resumed blind drilling with water cap.,Prepare pre-mixed LCM tanks and fibrous loss materials prior to penetrating top of Sylhet Limestone.,58.4,Nahorkatiya-24_DDR_Final_Report.pdf,2,0.9,True
EVT-0130,WELL-022,LOST_CIRCULATION,3904.3,3923.3,Barail Coal-Shale,CRITICAL,Penetrated open micro-fractures in Sylhet Limestone formation.,100% loss of drilling fluid returns; pit level dropped rapidly.,Pumped heavy bridging LCM blend followed by gunk plug (diesel-bentonite-cement); cured loss zone and resumed blind drilling with water cap.,Prepare pre-mixed LCM tanks and fibrous loss materials prior to penetrating top of Sylhet Limestone.,43.6,Nahorkatiya-24_DDR_Final_Report.pdf,10,0.94,True
EVT-0131,WELL-022,TORQUE_SPIKE,2076.4,2106.7,Tipam Sandstone,MEDIUM,High dogleg severity and sloughing shale cavings creating keyseating and friction in 8.5 inch section.,Erratic rotary torque surging from 14 kNm to 28 kNm; top drive stalled twice.,"Picked up off bottom, increased flow rate to maximum hole cleaning threshold (2400 LPM), pumped 20 bbl high-viscosity sweep, performed short wiper trip.",Maintain hole inclination change below 2.5 deg/30m in Girujan and Barail Shale sections.,6.5,Nahorkatiya-24_DDR_Final_Report.pdf,34,0.9,True
EVT-0132,WELL-022,TORQUE_SPIKE,4873.4,4893.2,Disang Formation,MEDIUM,High dogleg severity and sloughing shale cavings creating keyseating and friction in 8.5 inch section.,Erratic rotary torque surging from 14 kNm to 28 kNm; top drive stalled twice.,"Picked up off bottom, increased flow rate to maximum hole cleaning threshold (2400 LPM), pumped 20 bbl high-viscosity sweep, performed short wiper trip.",Maintain hole inclination change below 2.5 deg/30m in Girujan and Barail Shale sections.,9.9,Nahorkatiya-24_DDR_Final_Report.pdf,37,0.94,True
EVT-0133,WELL-023,STUCK_PIPE,3034.1,3041.1,Bokabil Formation,CRITICAL,Differential sticking while stationary for survey across permeable Barail Sand with 450 psi overbalance.,Drillstring unable to reciprocate or rotate; overpull reached 65 tons with zero pipe movement.,Spotted 40 bbl lubricating oil-based pipe-freeing pill across stuck interval; applied maximum torque (24 kNm) and jarred downward with hydraulic jar for 4.5 hours.,Never keep drillstring stationary for > 3 minutes across Barail formation. Maintain pipe rotation and use low-gravity solids control.,28.9,Baghjan-114_DDR_Final_Report.pdf,29,0.95,True
EVT-0134,WELL-023,TORQUE_SPIKE,4906.4,4920.0,Disang Formation,MEDIUM,High dogleg severity and sloughing shale cavings creating keyseating and friction in 8.5 inch section.,Erratic rotary torque surging from 14 kNm to 28 kNm; top drive stalled twice.,"Picked up off bottom, increased flow rate to maximum hole cleaning threshold (2400 LPM), pumped 20 bbl high-viscosity sweep, performed short wiper trip.",Maintain hole inclination change below 2.5 deg/30m in Girujan and Barail Shale sections.,8.9,Baghjan-114_DDR_Final_Report.pdf,23,0.92,True
EVT-0135,WELL-023,KICK,4957.1,4974.4,Disang Formation,CRITICAL,Drilled into unexpected high-pressure gas pocket in lower Bokabil / upper Barail transition zone.,"Pit gain of 18 bbls observed with active gas influx; shut-in drillpipe pressure (SIDPP) stabilized at 320 psi, SICP at 410 psi.","Shut in well using annular preventer, verified shut-in pressures, circulated gas influx out via choke manifold using Wait and Weight method with 1.36 SG kill mud.",Perform flow check on any ROP drilling break > 4 m/hr. Ensure degasser and trip tank level sensors are calibrated.,24.7,Baghjan-114_DDR_Final_Report.pdf,39,0.89,True
EVT-0136,WELL-023,STUCK_PIPE,3909.1,3944.8,Barail Coal-Shale,CRITICAL,Differential sticking while stationary for survey across permeable Barail Sand with 450 psi overbalance.,Drillstring unable to reciprocate or rotate; overpull reached 65 tons with zero pipe movement.,Spotted 40 bbl lubricating oil-based pipe-freeing pill across stuck interval; applied maximum torque (24 kNm) and jarred downward with hydraulic jar for 4.5 hours.,Never keep drillstring stationary for > 3 minutes across Barail formation. Maintain pipe rotation and use low-gravity solids control.,42.8,Baghjan-114_DDR_Final_Report.pdf,19,0.91,True
EVT-0137,WELL-024,TORQUE_SPIKE,4422.7,4442.9,Sylhet Limestone,MEDIUM,High dogleg severity and sloughing shale cavings creating keyseating and friction in 8.5 inch section.,Erratic rotary torque surging from 14 kNm to 28 kNm; top drive stalled twice.,"Picked up off bottom, increased flow rate to maximum hole cleaning threshold (2400 LPM), pumped 20 bbl high-viscosity sweep, performed short wiper trip.",Maintain hole inclination change below 2.5 deg/30m in Girujan and Barail Shale sections.,9.8,Shalmari-51_DDR_Final_Report.pdf,33,0.94,True
EVT-0138,WELL-024,LOST_CIRCULATION,3995.2,4034.7,Kopili Formation,CRITICAL,Penetrated open micro-fractures in Sylhet Limestone formation.,100% loss of drilling fluid returns; pit level dropped rapidly.,Pumped heavy bridging LCM blend followed by gunk plug (diesel-bentonite-cement); cured loss zone and resumed blind drilling with water cap.,Prepare pre-mixed LCM tanks and fibrous loss materials prior to penetrating top of Sylhet Limestone.,39.6,Shalmari-51_DDR_Final_Report.pdf,2,0.93,True
EVT-0139,WELL-024,MUD_LOSS,4171.5,4199.4,Kopili Formation,HIGH,Encountered depleted sandstone reservoir streak with low pore pressure relative to active mud column.,Sudden drop in active pit volume by 45 bbls; standpipe pressure dropped by 180 psi.,"Reduced mud pump rate to 1800 LPM, pumped 35 bbl high-fluid-loss LCM pill (medium calcium carbonate + walnut shells), reduced mud weight from 1.32 to 1.26 SG.",Pre-treat active system with fine CaCO3 before penetrating upper Barail Sand boundary. Monitor flow paddle response diligently.,22.7,Shalmari-51_DDR_Final_Report.pdf,27,0.91,True
EVT-0140,WELL-024,TORQUE_SPIKE,1893.0,1904.9,Girujan Clay,MEDIUM,High dogleg severity and sloughing shale cavings creating keyseating and friction in 8.5 inch section.,Erratic rotary torque surging from 14 kNm to 28 kNm; top drive stalled twice.,"Picked up off bottom, increased flow rate to maximum hole cleaning threshold (2400 LPM), pumped 20 bbl high-viscosity sweep, performed short wiper trip.",Maintain hole inclination change below 2.5 deg/30m in Girujan and Barail Shale sections.,10.9,Shalmari-51_DDR_Final_Report.pdf,30,0.96,True
EVT-0141,WELL-025,MUD_LOSS,4623.3,4638.0,Sylhet Limestone,HIGH,Encountered depleted sandstone reservoir streak with low pore pressure relative to active mud column.,Sudden drop in active pit volume by 45 bbls; standpipe pressure dropped by 180 psi.,"Reduced mud pump rate to 1800 LPM, pumped 35 bbl high-fluid-loss LCM pill (medium calcium carbonate + walnut shells), reduced mud weight from 1.32 to 1.26 SG.",Pre-treat active system with fine CaCO3 before penetrating upper Barail Sand boundary. Monitor flow paddle response diligently.,21.3,Moran-26_DDR_Final_Report.pdf,34,0.89,True
EVT-0142,WELL-025,CEMENTING_ISSUE,3869.2,3883.1,Barail Coal-Shale,HIGH,Channeling of cement slurry due to poor mud cake removal and incomplete hole cleaning across washed out section.,CBL-VDL log indicated poor bond quality across target production reservoir interval.,Perforated squeeze holes at 3380 m and executed block squeeze cementing with microfine cement at 2800 psi.,Run centralizers at 1 per joint across hydrocarbon zones and utilize high-energy weighted spacer with chemical wash.,48.2,Moran-26_DDR_Final_Report.pdf,5,0.93,True
EVT-0143,WELL-025,MUD_LOSS,3623.0,3642.0,Barail Sandstone,HIGH,Encountered depleted sandstone reservoir streak with low pore pressure relative to active mud column.,Sudden drop in active pit volume by 45 bbls; standpipe pressure dropped by 180 psi.,"Reduced mud pump rate to 1800 LPM, pumped 35 bbl high-fluid-loss LCM pill (medium calcium carbonate + walnut shells), reduced mud weight from 1.32 to 1.26 SG.",Pre-treat active system with fine CaCO3 before penetrating upper Barail Sand boundary. Monitor flow paddle response diligently.,22.9,Moran-26_DDR_Final_Report.pdf,42,0.96,True
EVT-0144,WELL-025,STUCK_PIPE,2079.8,2092.7,Tipam Sandstone,CRITICAL,Differential sticking while stationary for survey across permeable Barail Sand with 450 psi overbalance.,Drillstring unable to reciprocate or rotate; overpull reached 65 tons with zero pipe movement.,Spotted 40 bbl lubricating oil-based pipe-freeing pill across stuck interval; applied maximum torque (24 kNm) and jarred downward with hydraulic jar for 4.5 hours.,Never keep drillstring stationary for > 3 minutes across Barail formation. Maintain pipe rotation and use low-gravity solids control.,39.5,Moran-26_DDR_Final_Report.pdf,42,0.89,True
EVT-0145,WELL-025,CEMENTING_ISSUE,4928.8,4956.3,Disang Formation,HIGH,Channeling of cement slurry due to poor mud cake removal and incomplete hole cleaning across washed out section.,CBL-VDL log indicated poor bond quality across target production reservoir interval.,Perforated squeeze holes at 3380 m and executed block squeeze cementing with microfine cement at 2800 psi.,Run centralizers at 1 per joint across hydrocarbon zones and utilize high-energy weighted spacer with chemical wash.,43.6,Moran-26_DDR_Final_Report.pdf,44,0.97,True
EVT-0146,WELL-025,PACK_OFF,4272.5,4302.6,Kopili Formation,HIGH,Severe shale sloughing and inadequate cutting transport leading to annular bridge around BHA stabilizers.,Sudden pressure spike of 900 psi on standpipe; total loss of returns due to annular bridging.,"Immediately stopped pumps, worked drillstring with light tension, slowly re-established circulation at low rate (800 LPM) while rotating at 40 RPM.",Increase polymer encapsulation concentration and optimize flow rheology (YP > 22 lb/100ft2) before drilling Barail Coal-Shale.,12.5,Moran-26_DDR_Final_Report.pdf,5,0.93,True
EVT-0147,WELL-026,CEMENTING_ISSUE,3838.3,3857.4,Barail Coal-Shale,HIGH,Channeling of cement slurry due to poor mud cake removal and incomplete hole cleaning across washed out section.,CBL-VDL log indicated poor bond quality across target production reservoir interval.,Perforated squeeze holes at 3380 m and executed block squeeze cementing with microfine cement at 2800 psi.,Run centralizers at 1 per joint across hydrocarbon zones and utilize high-energy weighted spacer with chemical wash.,32.1,Baghjan-160_DDR_Final_Report.pdf,30,0.93,True
EVT-0148,WELL-026,MUD_LOSS,4261.1,4269.2,Kopili Formation,HIGH,Encountered depleted sandstone reservoir streak with low pore pressure relative to active mud column.,Sudden drop in active pit volume by 45 bbls; standpipe pressure dropped by 180 psi.,"Reduced mud pump rate to 1800 LPM, pumped 35 bbl high-fluid-loss LCM pill (medium calcium carbonate + walnut shells), reduced mud weight from 1.32 to 1.26 SG.",Pre-treat active system with fine CaCO3 before penetrating upper Barail Sand boundary. Monitor flow paddle response diligently.,24.4,Baghjan-160_DDR_Final_Report.pdf,6,0.94,True
EVT-0149,WELL-026,PACK_OFF,4508.8,4536.0,Sylhet Limestone,HIGH,Severe shale sloughing and inadequate cutting transport leading to annular bridge around BHA stabilizers.,Sudden pressure spike of 900 psi on standpipe; total loss of returns due to annular bridging.,"Immediately stopped pumps, worked drillstring with light tension, slowly re-established circulation at low rate (800 LPM) while rotating at 40 RPM.",Increase polymer encapsulation concentration and optimize flow rheology (YP > 22 lb/100ft2) before drilling Barail Coal-Shale.,17.9,Baghjan-160_DDR_Final_Report.pdf,3,0.92,True
EVT-0150,WELL-026,CEMENTING_ISSUE,3330.8,3354.8,Barail Sandstone,HIGH,Channeling of cement slurry due to poor mud cake removal and incomplete hole cleaning across washed out section.,CBL-VDL log indicated poor bond quality across target production reservoir interval.,Perforated squeeze holes at 3380 m and executed block squeeze cementing with microfine cement at 2800 psi.,Run centralizers at 1 per joint across hydrocarbon zones and utilize high-energy weighted spacer with chemical wash.,33.8,Baghjan-160_DDR_Final_Report.pdf,4,0.93,True
EVT-0151,WELL-026,CEMENTING_ISSUE,4313.8,4322.2,Kopili Formation,HIGH,Channeling of cement slurry due to poor mud cake removal and incomplete hole cleaning across washed out section.,CBL-VDL log indicated poor bond quality across target production reservoir interval.,Perforated squeeze holes at 3380 m and executed block squeeze cementing with microfine cement at 2800 psi.,Run centralizers at 1 per joint across hydrocarbon zones and utilize high-energy weighted spacer with chemical wash.,45.1,Baghjan-160_DDR_Final_Report.pdf,3,0.9,True
EVT-0152,WELL-026,TORQUE_SPIKE,4955.8,4985.2,Disang Formation,MEDIUM,High dogleg severity and sloughing shale cavings creating keyseating and friction in 8.5 inch section.,Erratic rotary torque surging from 14 kNm to 28 kNm; top drive stalled twice.,"Picked up off bottom, increased flow rate to maximum hole cleaning threshold (2400 LPM), pumped 20 bbl high-viscosity sweep, performed short wiper trip.",Maintain hole inclination change below 2.5 deg/30m in Girujan and Barail Shale sections.,8.1,Baghjan-160_DDR_Final_Report.pdf,19,0.92,True
EVT-0153,WELL-027,LOST_CIRCULATION,1751.4,1782.3,Girujan Clay,CRITICAL,Penetrated open micro-fractures in Sylhet Limestone formation.,100% loss of drilling fluid returns; pit level dropped rapidly.,Pumped heavy bridging LCM blend followed by gunk plug (diesel-bentonite-cement); cured loss zone and resumed blind drilling with water cap.,Prepare pre-mixed LCM tanks and fibrous loss materials prior to penetrating top of Sylhet Limestone.,40.3,Kumchai-45_DDR_Final_Report.pdf,7,0.94,True
EVT-0154,WELL-027,TORQUE_SPIKE,3770.4,3809.5,Barail Coal-Shale,MEDIUM,High dogleg severity and sloughing shale cavings creating keyseating and friction in 8.5 inch section.,Erratic rotary torque surging from 14 kNm to 28 kNm; top drive stalled twice.,"Picked up off bottom, increased flow rate to maximum hole cleaning threshold (2400 LPM), pumped 20 bbl high-viscosity sweep, performed short wiper trip.",Maintain hole inclination change below 2.5 deg/30m in Girujan and Barail Shale sections.,11.0,Kumchai-45_DDR_Final_Report.pdf,39,0.97,True
EVT-0155,WELL-027,KICK,2407.1,2417.8,Tipam Sandstone,CRITICAL,Drilled into unexpected high-pressure gas pocket in lower Bokabil / upper Barail transition zone.,"Pit gain of 18 bbls observed with active gas influx; shut-in drillpipe pressure (SIDPP) stabilized at 320 psi, SICP at 410 psi.","Shut in well using annular preventer, verified shut-in pressures, circulated gas influx out via choke manifold using Wait and Weight method with 1.36 SG kill mud.",Perform flow check on any ROP drilling break > 4 m/hr. Ensure degasser and trip tank level sensors are calibrated.,26.8,Kumchai-45_DDR_Final_Report.pdf,42,0.95,True
EVT-0156,WELL-027,TORQUE_SPIKE,2978.3,3020.8,Bokabil Formation,MEDIUM,High dogleg severity and sloughing shale cavings creating keyseating and friction in 8.5 inch section.,Erratic rotary torque surging from 14 kNm to 28 kNm; top drive stalled twice.,"Picked up off bottom, increased flow rate to maximum hole cleaning threshold (2400 LPM), pumped 20 bbl high-viscosity sweep, performed short wiper trip.",Maintain hole inclination change below 2.5 deg/30m in Girujan and Barail Shale sections.,7.9,Kumchai-45_DDR_Final_Report.pdf,25,0.94,True
EVT-0157,WELL-027,KICK,3004.5,3042.7,Bokabil Formation,CRITICAL,Drilled into unexpected high-pressure gas pocket in lower Bokabil / upper Barail transition zone.,"Pit gain of 18 bbls observed with active gas influx; shut-in drillpipe pressure (SIDPP) stabilized at 320 psi, SICP at 410 psi.","Shut in well using annular preventer, verified shut-in pressures, circulated gas influx out via choke manifold using Wait and Weight method with 1.36 SG kill mud.",Perform flow check on any ROP drilling break > 4 m/hr. Ensure degasser and trip tank level sensors are calibrated.,32.9,Kumchai-45_DDR_Final_Report.pdf,44,0.97,True
EVT-0158,WELL-027,MUD_LOSS,4522.5,4528.2,Sylhet Limestone,HIGH,Encountered depleted sandstone reservoir streak with low pore pressure relative to active mud column.,Sudden drop in active pit volume by 45 bbls; standpipe pressure dropped by 180 psi.,"Reduced mud pump rate to 1800 LPM, pumped 35 bbl high-fluid-loss LCM pill (medium calcium carbonate + walnut shells), reduced mud weight from 1.32 to 1.26 SG.",Pre-treat active system with fine CaCO3 before penetrating upper Barail Sand boundary. Monitor flow paddle response diligently.,18.2,Kumchai-45_DDR_Final_Report.pdf,14,0.91,True
EVT-0159,WELL-028,STUCK_PIPE,3670.0,3681.2,Barail Sandstone,CRITICAL,Differential sticking while stationary for survey across permeable Barail Sand with 450 psi overbalance.,Drillstring unable to reciprocate or rotate; overpull reached 65 tons with zero pipe movement.,Spotted 40 bbl lubricating oil-based pipe-freeing pill across stuck interval; applied maximum torque (24 kNm) and jarred downward with hydraulic jar for 4.5 hours.,Never keep drillstring stationary for > 3 minutes across Barail formation. Maintain pipe rotation and use low-gravity solids control.,33.2,Baghjan-141_DDR_Final_Report.pdf,7,0.93,True
EVT-0160,WELL-028,PACK_OFF,1649.5,1689.6,Girujan Clay,HIGH,Severe shale sloughing and inadequate cutting transport leading to annular bridge around BHA stabilizers.,Sudden pressure spike of 900 psi on standpipe; total loss of returns due to annular bridging.,"Immediately stopped pumps, worked drillstring with light tension, slowly re-established circulation at low rate (800 LPM) while rotating at 40 RPM.",Increase polymer encapsulation concentration and optimize flow rheology (YP > 22 lb/100ft2) before drilling Barail Coal-Shale.,16.4,Baghjan-141_DDR_Final_Report.pdf,39,0.92,True
EVT-0161,WELL-028,STUCK_PIPE,3061.0,3096.8,Bokabil Formation,CRITICAL,Differential sticking while stationary for survey across permeable Barail Sand with 450 psi overbalance.,Drillstring unable to reciprocate or rotate; overpull reached 65 tons with zero pipe movement.,Spotted 40 bbl lubricating oil-based pipe-freeing pill across stuck interval; applied maximum torque (24 kNm) and jarred downward with hydraulic jar for 4.5 hours.,Never keep drillstring stationary for > 3 minutes across Barail formation. Maintain pipe rotation and use low-gravity solids control.,43.7,Baghjan-141_DDR_Final_Report.pdf,11,0.95,True
EVT-0162,WELL-028,MUD_LOSS,4479.3,4513.1,Sylhet Limestone,HIGH,Encountered depleted sandstone reservoir streak with low pore pressure relative to active mud column.,Sudden drop in active pit volume by 45 bbls; standpipe pressure dropped by 180 psi.,"Reduced mud pump rate to 1800 LPM, pumped 35 bbl high-fluid-loss LCM pill (medium calcium carbonate + walnut shells), reduced mud weight from 1.32 to 1.26 SG.",Pre-treat active system with fine CaCO3 before penetrating upper Barail Sand boundary. Monitor flow paddle response diligently.,25.6,Baghjan-141_DDR_Final_Report.pdf,40,0.91,True
EVT-0163,WELL-028,LOST_CIRCULATION,4825.3,4839.9,Disang Formation,CRITICAL,Penetrated open micro-fractures in Sylhet Limestone formation.,100% loss of drilling fluid returns; pit level dropped rapidly.,Pumped heavy bridging LCM blend followed by gunk plug (diesel-bentonite-cement); cured loss zone and resumed blind drilling with water cap.,Prepare pre-mixed LCM tanks and fibrous loss materials prior to penetrating top of Sylhet Limestone.,66.2,Baghjan-141_DDR_Final_Report.pdf,31,0.97,True
EVT-0164,WELL-028,STUCK_PIPE,4207.4,4235.2,Kopili Formation,CRITICAL,Differential sticking while stationary for survey across permeable Barail Sand with 450 psi overbalance.,Drillstring unable to reciprocate or rotate; overpull reached 65 tons with zero pipe movement.,Spotted 40 bbl lubricating oil-based pipe-freeing pill across stuck interval; applied maximum torque (24 kNm) and jarred downward with hydraulic jar for 4.5 hours.,Never keep drillstring stationary for > 3 minutes across Barail formation. Maintain pipe rotation and use low-gravity solids control.,36.2,Baghjan-141_DDR_Final_Report.pdf,19,0.96,True
EVT-0165,WELL-028,PACK_OFF,4659.9,4697.6,Sylhet Limestone,HIGH,Severe shale sloughing and inadequate cutting transport leading to annular bridge around BHA stabilizers.,Sudden pressure spike of 900 psi on standpipe; total loss of returns due to annular bridging.,"Immediately stopped pumps, worked drillstring with light tension, slowly re-established circulation at low rate (800 LPM) while rotating at 40 RPM.",Increase polymer encapsulation concentration and optimize flow rheology (YP > 22 lb/100ft2) before drilling Barail Coal-Shale.,17.9,Baghjan-141_DDR_Final_Report.pdf,9,0.97,True
EVT-0166,WELL-029,LOST_CIRCULATION,5113.4,5140.6,Disang Formation,CRITICAL,Penetrated open micro-fractures in Sylhet Limestone formation.,100% loss of drilling fluid returns; pit level dropped rapidly.,Pumped heavy bridging LCM blend followed by gunk plug (diesel-bentonite-cement); cured loss zone and resumed blind drilling with water cap.,Prepare pre-mixed LCM tanks and fibrous loss materials prior to penetrating top of Sylhet Limestone.,41.4,Jorajan-168_DDR_Final_Report.pdf,34,0.97,True
EVT-0167,WELL-029,KICK,2542.3,2558.2,Tipam Sandstone,CRITICAL,Drilled into unexpected high-pressure gas pocket in lower Bokabil / upper Barail transition zone.,"Pit gain of 18 bbls observed with active gas influx; shut-in drillpipe pressure (SIDPP) stabilized at 320 psi, SICP at 410 psi.","Shut in well using annular preventer, verified shut-in pressures, circulated gas influx out via choke manifold using Wait and Weight method with 1.36 SG kill mud.",Perform flow check on any ROP drilling break > 4 m/hr. Ensure degasser and trip tank level sensors are calibrated.,35.6,Jorajan-168_DDR_Final_Report.pdf,10,0.96,True
EVT-0168,WELL-029,MUD_LOSS,3578.4,3618.8,Barail Sandstone,HIGH,Encountered depleted sandstone reservoir streak with low pore pressure relative to active mud column.,Sudden drop in active pit volume by 45 bbls; standpipe pressure dropped by 180 psi.,"Reduced mud pump rate to 1800 LPM, pumped 35 bbl high-fluid-loss LCM pill (medium calcium carbonate + walnut shells), reduced mud weight from 1.32 to 1.26 SG.",Pre-treat active system with fine CaCO3 before penetrating upper Barail Sand boundary. Monitor flow paddle response diligently.,25.1,Jorajan-168_DDR_Final_Report.pdf,27,0.89,True
EVT-0169,WELL-029,PACK_OFF,4052.5,4097.3,Kopili Formation,HIGH,Severe shale sloughing and inadequate cutting transport leading to annular bridge around BHA stabilizers.,Sudden pressure spike of 900 psi on standpipe; total loss of returns due to annular bridging.,"Immediately stopped pumps, worked drillstring with light tension, slowly re-established circulation at low rate (800 LPM) while rotating at 40 RPM.",Increase polymer encapsulation concentration and optimize flow rheology (YP > 22 lb/100ft2) before drilling Barail Coal-Shale.,14.3,Jorajan-168_DDR_Final_Report.pdf,2,0.91,True
EVT-0170,WELL-030,CEMENTING_ISSUE,4247.0,4257.5,Kopili Formation,HIGH,Channeling of cement slurry due to poor mud cake removal and incomplete hole cleaning across washed out section.,CBL-VDL log indicated poor bond quality across target production reservoir interval.,Perforated squeeze holes at 3380 m and executed block squeeze cementing with microfine cement at 2800 psi.,Run centralizers at 1 per joint across hydrocarbon zones and utilize high-energy weighted spacer with chemical wash.,36.9,Nahorkatiya-153_DDR_Final_Report.pdf,31,0.95,True
EVT-0171,WELL-030,STUCK_PIPE,4921.9,4927.1,Disang Formation,CRITICAL,Differential sticking while stationary for survey across permeable Barail Sand with 450 psi overbalance.,Drillstring unable to reciprocate or rotate; overpull reached 65 tons with zero pipe movement.,Spotted 40 bbl lubricating oil-based pipe-freeing pill across stuck interval; applied maximum torque (24 kNm) and jarred downward with hydraulic jar for 4.5 hours.,Never keep drillstring stationary for > 3 minutes across Barail formation. Maintain pipe rotation and use low-gravity solids control.,28.8,Nahorkatiya-153_DDR_Final_Report.pdf,17,0.9,True
EVT-0172,WELL-030,STUCK_PIPE,4403.4,4419.9,Sylhet Limestone,CRITICAL,Differential sticking while stationary for survey across permeable Barail Sand with 450 psi overbalance.,Drillstring unable to reciprocate or rotate; overpull reached 65 tons with zero pipe movement.,Spotted 40 bbl lubricating oil-based pipe-freeing pill across stuck interval; applied maximum torque (24 kNm) and jarred downward with hydraulic jar for 4.5 hours.,Never keep drillstring stationary for > 3 minutes across Barail formation. Maintain pipe rotation and use low-gravity solids control.,33.3,Nahorkatiya-153_DDR_Final_Report.pdf,4,0.9,True
EVT-0173,WELL-030,LOST_CIRCULATION,4748.3,4786.8,Disang Formation,CRITICAL,Penetrated open micro-fractures in Sylhet Limestone formation.,100% loss of drilling fluid returns; pit level dropped rapidly.,Pumped heavy bridging LCM blend followed by gunk plug (diesel-bentonite-cement); cured loss zone and resumed blind drilling with water cap.,Prepare pre-mixed LCM tanks and fibrous loss materials prior to penetrating top of Sylhet Limestone.,52.8,Nahorkatiya-153_DDR_Final_Report.pdf,35,0.88,True
